-- phpMyAdmin SQL Dump
-- version 3.4.7.1
-- http://www.phpmyadmin.net
--
-- Host: localhost
-- Czas wygenerowania: 26 Wrz 2012, 20:47
-- Wersja serwera: 5.0.67
-- Wersja PHP: 5.2.17

SET SQL_MODE="NO_AUTO_VALUE_ON_ZERO";
SET time_zone = "+00:00";


/*!40101 SET @OLD_CHARACTER_SET_CLIENT=@@CHARACTER_SET_CLIENT */;
/*!40101 SET @OLD_CHARACTER_SET_RESULTS=@@CHARACTER_SET_RESULTS */;
/*!40101 SET @OLD_COLLATION_CONNECTION=@@COLLATION_CONNECTION */;
/*!40101 SET NAMES utf8 */;

--
-- Baza danych: `bonafide_radni`
--

DELIMITER $$
--
-- Procedury
--
$$

DELIMITER ;

-- --------------------------------------------------------

--
-- Struktura tabeli dla  `AuthAssignment`
--

CREATE TABLE `AuthAssignment` (
  `itemname` varchar(64) collate utf8_bin NOT NULL,
  `userid` varchar(64) collate utf8_bin NOT NULL,
  `bizrule` text collate utf8_bin,
  `data` text collate utf8_bin,
  PRIMARY KEY  (`itemname`,`userid`)
) ENGINE=MyISAM DEFAULT CHARSET=utf8 COLLATE=utf8_bin;

--
-- Zrzut danych tabeli `AuthAssignment`
--

INSERT INTO `AuthAssignment` (`itemname`, `userid`, `bizrule`, `data`) VALUES
('admin', '1', NULL, NULL),
('admin', '13', NULL, NULL),
('radny', '14', NULL, NULL);

-- --------------------------------------------------------

--
-- Struktura tabeli dla  `AuthItem`
--

CREATE TABLE `AuthItem` (
  `name` varchar(64) collate utf8_bin NOT NULL,
  `type` int(11) NOT NULL,
  `description` text collate utf8_bin,
  `bizrule` text collate utf8_bin,
  `data` text collate utf8_bin,
  PRIMARY KEY  (`name`)
) ENGINE=MyISAM DEFAULT CHARSET=utf8 COLLATE=utf8_bin;

--
-- Zrzut danych tabeli `AuthItem`
--

INSERT INTO `AuthItem` (`name`, `type`, `description`, `bizrule`, `data`) VALUES
('admin', 1, 0x41646d696e20726f6c65, NULL, NULL),
('radny', 1, 0x5261646e79, NULL, NULL),
('user', 1, 0x4c6f77206163636573732075736572, NULL, NULL);

-- --------------------------------------------------------

--
-- Struktura tabeli dla  `AuthItemChild`
--

CREATE TABLE `AuthItemChild` (
  `parent` varchar(64) collate utf8_bin NOT NULL,
  `child` varchar(64) collate utf8_bin NOT NULL,
  PRIMARY KEY  (`parent`,`child`),
  KEY `child` (`child`)
) ENGINE=MyISAM DEFAULT CHARSET=utf8 COLLATE=utf8_bin;

-- --------------------------------------------------------

--
-- Struktura tabeli dla  `cat`
--

CREATE TABLE `cat` (
  `CAT_ID` int(11) NOT NULL auto_increment,
  `CAT_NAME` varchar(128) collate utf8_bin NOT NULL,
  `CAT_DESC` text collate utf8_bin,
  PRIMARY KEY  (`CAT_ID`)
) ENGINE=MyISAM  DEFAULT CHARSET=utf8 COLLATE=utf8_bin AUTO_INCREMENT=18 ;

--
-- Zrzut danych tabeli `cat`
--

INSERT INTO `cat` (`CAT_ID`, `CAT_NAME`, `CAT_DESC`) VALUES
(1, 'Bezpieczeństwo', ''),
(2, 'Edukacja', NULL),
(3, 'Ekologia', NULL),
(4, 'Finanse', NULL),
(5, 'Inwestycje', NULL),
(6, 'Kultura i sport', NULL),
(7, 'Mienie komunalne', NULL),
(8, 'Nazwy ulic', NULL),
(9, 'Niepełnosprawność', NULL),
(10, 'Plan zagospodarowania przestrzennego ', NULL),
(11, 'Pomoc społeczna', NULL),
(12, 'Programy i strategie', NULL),
(13, 'Promocja miasta', NULL),
(14, 'Rodzina', NULL),
(15, 'Sprawy organizacyjne Rady', NULL),
(16, 'Zdrowie', NULL),
(17, 'Inne', '');

-- --------------------------------------------------------

--
-- Struktura tabeli dla  `clb`
--

CREATE TABLE `clb` (
  `CLB_ID` int(11) NOT NULL auto_increment,
  `CLB_NAME` varchar(128) NOT NULL,
  `CLB_LOGO` varchar(128) default NULL,
  PRIMARY KEY  (`CLB_ID`)
) ENGINE=MyISAM  DEFAULT CHARSET=latin1 COMMENT='kluby radnych' AUTO_INCREMENT=5 ;

--
-- Zrzut danych tabeli `clb`
--

INSERT INTO `clb` (`CLB_ID`, `CLB_NAME`, `CLB_LOGO`) VALUES
(1, 'Klub radnych Forum Samorz?dowe i Piotr Uszok', 'forum.png'),
(2, 'Platforma Obywatelska RP', 'po.png'),
(3, 'Prawo i Sprawiedliwo??', 'pis.png'),
(4, 'Sojusz Lewicy Demokratycznej', 'sld.png');

-- --------------------------------------------------------

--
-- Struktura tabeli dla  `cmt_exp`
--

CREATE TABLE `cmt_exp` (
  `CMT_ID` int(11) NOT NULL auto_increment,
  `CMT_DATE` date NOT NULL,
  `CMT_AUTHOR` varchar(256) collate utf8_bin NOT NULL,
  `CMT_CONTENT` text collate utf8_bin NOT NULL,
  `CMT_EXP_ID` int(11) NOT NULL,
  PRIMARY KEY  (`CMT_ID`),
  KEY `CMT_EXP_ID` (`CMT_EXP_ID`)
) ENGINE=MyISAM DEFAULT CHARSET=utf8 COLLATE=utf8_bin AUTO_INCREMENT=1 ;

-- --------------------------------------------------------

--
-- Struktura tabeli dla  `cmt_uch`
--

CREATE TABLE `cmt_uch` (
  `CMT_ID` int(11) NOT NULL auto_increment,
  `CMT_DATE` date NOT NULL,
  `CMT_AUTHOR` varchar(256) collate utf8_bin NOT NULL,
  `CMT_TYPE` int(11) NOT NULL COMMENT '1 - DZIENNIKARSKI, 2 - EKSPERCKI, 3 - RADNEGO',
  `CMT_CONTENT` text collate utf8_bin NOT NULL,
  `CMT_RDN_ID` int(11) default NULL,
  `CMT_UCH_ID` int(11) NOT NULL,
  PRIMARY KEY  (`CMT_ID`),
  KEY `CMT_RDN_ID` (`CMT_RDN_ID`),
  KEY `CMT_UCH_ID` (`CMT_UCH_ID`)
) ENGINE=MyISAM DEFAULT CHARSET=utf8 COLLATE=utf8_bin AUTO_INCREMENT=1 ;

-- --------------------------------------------------------

--
-- Struktura tabeli dla  `dzl`
--

CREATE TABLE `dzl` (
  `DZL_ID` int(11) NOT NULL auto_increment,
  `DZL_NAME` varchar(128) collate utf8_bin NOT NULL,
  `DZL_OKR_ID` int(11) NOT NULL,
  `DZL_CITIZEN_COUNT` int(11) default NULL,
  `DZL_AREA` int(11) default NULL,
  PRIMARY KEY  (`DZL_ID`),
  KEY `DZL_OKR_ID` (`DZL_OKR_ID`)
) ENGINE=MyISAM  DEFAULT CHARSET=utf8 COLLATE=utf8_bin AUTO_INCREMENT=23 ;

--
-- Zrzut danych tabeli `dzl`
--

INSERT INTO `dzl` (`DZL_ID`, `DZL_NAME`, `DZL_OKR_ID`, `DZL_CITIZEN_COUNT`, `DZL_AREA`) VALUES
(1, 'Ligota - Panewniki', 1, NULL, NULL),
(2, 'Piotrowice - Ochojec', 1, NULL, NULL),
(3, 'Kostuchna', 1, NULL, NULL),
(4, 'Podlesie', 1, NULL, NULL),
(5, 'Zarzecze', 1, NULL, NULL),
(6, 'Murcki', 1, NULL, NULL),
(7, 'Dąbrówka Mała', 2, NULL, NULL),
(8, 'Szopienice - Burowiec', 2, NULL, NULL),
(9, 'Janów - Nikiszowiec', 2, NULL, NULL),
(10, 'Giszowiec', 2, NULL, NULL),
(11, 'Śródmieście', 3, NULL, NULL),
(12, 'Osiedle Paderewskiego - Muchowiec', 3, NULL, NULL),
(13, 'Brynów - Osiedle Zgrzebnioka', 3, NULL, NULL),
(14, 'Osiedle Tysiąclecia', 4, NULL, NULL),
(15, 'Dąb', 4, NULL, NULL),
(16, 'Załęże', 4, NULL, NULL),
(17, 'Osiedle Witosa', 4, NULL, NULL),
(18, 'Załęska Hałda - Brynów', 4, NULL, NULL),
(19, 'Wełnowiec - Józefowiec', 5, NULL, NULL),
(20, 'Koszutka', 5, NULL, NULL),
(21, 'Bogucice', 5, NULL, NULL),
(22, 'Zawodzie', 5, NULL, NULL);

-- --------------------------------------------------------

--
-- Struktura tabeli dla  `exp`
--

CREATE TABLE `exp` (
  `EXP_ID` int(11) NOT NULL auto_increment,
  `EXP_AUTHOR` varchar(512) collate utf8_bin NOT NULL,
  `EXP_DATE` date NOT NULL,
  `EXP_CONTENT` text collate utf8_bin NOT NULL,
  `EXP_UCH_ID` int(11) NOT NULL,
  PRIMARY KEY  (`EXP_ID`),
  KEY `EXP_UCH_ID` (`EXP_UCH_ID`)
) ENGINE=MyISAM DEFAULT CHARSET=utf8 COLLATE=utf8_bin AUTO_INCREMENT=1 ;

-- --------------------------------------------------------

--
-- Struktura tabeli dla  `int`
--

CREATE TABLE `int` (
  `INT_ID` int(11) NOT NULL auto_increment,
  `INT_NAME` varchar(512) collate utf8_bin default NULL,
  `INT_FILE` varchar(256) collate utf8_bin NOT NULL,
  `INT_ANSWER_FILE` varchar(256) collate utf8_bin default NULL,
  `INT_RDN_ID` int(11) NOT NULL,
  `INT_RDN_COMMENT` text collate utf8_bin,
  PRIMARY KEY  (`INT_ID`),
  KEY `INT_RDN_ID` (`INT_RDN_ID`)
) ENGINE=MyISAM  DEFAULT CHARSET=utf8 COLLATE=utf8_bin AUTO_INCREMENT=3 ;

--
-- Zrzut danych tabeli `int`
--

INSERT INTO `int` (`INT_ID`, `INT_NAME`, `INT_FILE`, `INT_ANSWER_FILE`, `INT_RDN_ID`, `INT_RDN_COMMENT`) VALUES
(1, 'jsdkfsf', 'lkdjdkfg', 'lkjlkfg', 3, 0x73667364667366),
(2, 'sdfs', 'rwerw', 'qwqqwe', 4, 0x777165717765);

-- --------------------------------------------------------

--
-- Struktura tabeli dla  `kms`
--

CREATE TABLE `kms` (
  `KMS_ID` int(11) NOT NULL auto_increment,
  `KMS_NAME` varchar(256) collate utf8_bin NOT NULL,
  `KMS_DESC` text collate utf8_bin,
  PRIMARY KEY  (`KMS_ID`)
) ENGINE=MyISAM  DEFAULT CHARSET=utf8 COLLATE=utf8_bin AUTO_INCREMENT=9 ;

--
-- Zrzut danych tabeli `kms`
--

INSERT INTO `kms` (`KMS_ID`, `KMS_NAME`, `KMS_DESC`) VALUES
(1, 'KOMISJA BUDŻETU MIASTA', ''),
(2, 'KOMISJA EDUKACJI', 0x616161),
(3, 'KOMISJA INFRASTRUKTURY I ŚRODOWISKA', ''),
(4, 'KOMISJA KULTURY, PROMOCJI I SPORTU', ''),
(5, 'KOMISJA ORGANIZACYJNA', ''),
(6, 'KOMISJA POLITYKI SPOŁECZNEJ', ''),
(7, 'KOMISJA REWIZYJNA', ''),
(8, 'KOMISJA ROZWOJU MIASTA', '');

-- --------------------------------------------------------

--
-- Struktura tabeli dla  `kms_in_cat`
--

CREATE TABLE `kms_in_cat` (
  `KMS_IN_CAT_ID` int(11) NOT NULL auto_increment,
  `KMS_IN_CAT_KMS_ID` int(11) NOT NULL,
  `KMS_IN_CAT_CAT_ID` int(11) NOT NULL,
  PRIMARY KEY  (`KMS_IN_CAT_ID`),
  KEY `KMS_IN_CAT_KMS_ID` (`KMS_IN_CAT_KMS_ID`),
  KEY `KMS_IN_CAT_CAT_ID` (`KMS_IN_CAT_CAT_ID`)
) ENGINE=MyISAM  DEFAULT CHARSET=utf8 COLLATE=utf8_bin AUTO_INCREMENT=3 ;

--
-- Zrzut danych tabeli `kms_in_cat`
--

INSERT INTO `kms_in_cat` (`KMS_IN_CAT_ID`, `KMS_IN_CAT_KMS_ID`, `KMS_IN_CAT_CAT_ID`) VALUES
(1, 2, 7),
(2, 2, 8);

-- --------------------------------------------------------

--
-- Struktura tabeli dla  `nws`
--

CREATE TABLE `nws` (
  `NWS_ID` int(11) NOT NULL auto_increment,
  `NWS_DATE` date NOT NULL,
  `NWS_TITLE` varchar(256) collate utf8_bin NOT NULL,
  `NWS_CONTENT` text collate utf8_bin NOT NULL,
  PRIMARY KEY  (`NWS_ID`)
) ENGINE=MyISAM DEFAULT CHARSET=utf8 COLLATE=utf8_bin AUTO_INCREMENT=1 ;

-- --------------------------------------------------------

--
-- Struktura tabeli dla  `okr`
--

CREATE TABLE `okr` (
  `OKR_ID` int(11) NOT NULL auto_increment,
  `OKR_NAME` varchar(128) collate utf8_bin NOT NULL,
  PRIMARY KEY  (`OKR_ID`)
) ENGINE=MyISAM  DEFAULT CHARSET=utf8 COLLATE=utf8_bin AUTO_INCREMENT=6 ;

--
-- Zrzut danych tabeli `okr`
--

INSERT INTO `okr` (`OKR_ID`, `OKR_NAME`) VALUES
(1, 'Okręg Nr 1'),
(2, 'Okręg Nr 2'),
(3, 'Okręg Nr 3'),
(4, 'Okręg Nr 4'),
(5, 'Okręg Nr 5');

-- --------------------------------------------------------

--
-- Struktura tabeli dla  `rdn`
--

CREATE TABLE `rdn` (
  `RDN_ID` int(11) NOT NULL auto_increment,
  `RDN_FIRSTNAME` varchar(64) collate utf8_bin NOT NULL,
  `RDN_LASTNAME` varchar(64) collate utf8_bin NOT NULL,
  `RDN_EMAIL` varchar(128) collate utf8_bin NOT NULL,
  `RDN_PHONE` varchar(32) collate utf8_bin NOT NULL,
  `RDN_DUTY` text collate utf8_bin,
  `RDN_WEBSITE` varchar(128) collate utf8_bin NOT NULL,
  `RDN_PHOTO` varchar(256) collate utf8_bin NOT NULL,
  `RDN_PROMISE` text collate utf8_bin NOT NULL,
  `RDN_INTERVIEW` text collate utf8_bin NOT NULL,
  `RDN_PROMISE_CMT` text collate utf8_bin,
  `RDN_INTERVIEW_CMT` text collate utf8_bin,
  `RDN_TNR_ID` int(11) NOT NULL,
  `RDN_OKR_ID` int(11) NOT NULL,
  `RDN_STATEMENT_FILE` varchar(256) collate utf8_bin default NULL,
  `RDN_CLB_ID` int(11) default NULL,
  PRIMARY KEY  (`RDN_ID`),
  KEY `RDN_TNR_ID` (`RDN_TNR_ID`),
  KEY `RDN_OKR_ID` (`RDN_OKR_ID`),
  KEY `RDN_CLB_ID` (`RDN_CLB_ID`)
) ENGINE=MyISAM  DEFAULT CHARSET=utf8 COLLATE=utf8_bin AUTO_INCREMENT=29 ;

--
-- Zrzut danych tabeli `rdn`
--

INSERT INTO `rdn` (`RDN_ID`, `RDN_FIRSTNAME`, `RDN_LASTNAME`, `RDN_EMAIL`, `RDN_PHONE`, `RDN_DUTY`, `RDN_WEBSITE`, `RDN_PHOTO`, `RDN_PROMISE`, `RDN_INTERVIEW`, `RDN_PROMISE_CMT`, `RDN_INTERVIEW_CMT`, `RDN_TNR_ID`, `RDN_OKR_ID`, `RDN_STATEMENT_FILE`, `RDN_CLB_ID`) VALUES
(1, 'Marek', 'Chmieliński', 'm.chmielinski@tlen.pl', '(0) 694-476-216', '', '-', 'chmielinski.jpg', 0x2d, 0x2d, '', '', 1, 1, 'chmielinski.pdf', 1),
(2, 'Jerzy', 'Dolinkiewicz', 'jerzy.dolinkiewicz@um.katowice.pl', '-', '', '-', 'dolinkiewicz.jpg', 0x2d, 0x2d, '', '', 1, 4, '', 1),
(3, 'Jerzy', 'Forajter', 'jforajter@wp.pl', '-', '', '-', 'forajter.jpg', 0x2d, 0x2d, '', '', 1, 2, '', 1),
(4, 'Stefan', 'Gierlotka', 'gierlotkastefan@interia.pl', '-', NULL, '-', 'gierlotka.jpg', 0x2d, 0x2d, NULL, NULL, 1, 1, NULL, 1),
(5, 'Arkadiusz', 'Godlewski', 'poczta@arkadiuszgodlewski.pl', '-', NULL, '-', 'godlewski.jpg', 0x2d, 0x2d, NULL, NULL, 1, 4, NULL, 2),
(6, 'Tomasz', 'Godziek', 'tgodziek@gmail.com', '-', NULL, '-', 'godziek.jpg', 0x2d, 0x2d, NULL, NULL, 1, 1, NULL, 2),
(7, 'Helena', 'Hrapkiewicz', 'helena.hrapkiewicz@us.edu.pl', '-', NULL, '-', 'hrapkiewicz.jpg', 0x2d, 0x2d, NULL, NULL, 1, 3, NULL, 1),
(8, 'Michał', 'Jędrzejek', 'kontakt@jedrzejek.org', '-', NULL, '-', 'jedrzejek.jpg', 0x2d, 0x2d, NULL, NULL, 1, 5, NULL, 1),
(9, 'Daria', 'Kosmala', 'poczta@dariakosmala.pl', '-', NULL, '-', 'kosmala.jpg', 0x2d, 0x2d, NULL, NULL, 1, 4, NULL, 2),
(10, 'Dariusz', 'Łyczko', 'dlyczko@op.pl', '-', NULL, '-', 'lyczko.jpg', 0x2d, 0x2d, NULL, NULL, 1, 2, NULL, 1),
(11, 'Tomasz', 'Maśnica', 'masnicaaa@interia.pl', '-', NULL, '-', 'masnica.jpg', 0x2d, 0x2d, NULL, NULL, 1, 1, NULL, 2),
(12, 'Wiesław', 'Mrowiec', 'mrowiec.wieslaw@gmail.com', '-', NULL, '-', 'mrowiec.jpg', 0x2d, 0x2d, NULL, NULL, 1, 4, NULL, 3),
(13, 'Krystyna', 'Panek', 'k.panek@poczta.onet.eu', '-', NULL, '-', 'panek.jpg', 0x2d, 0x2d, NULL, NULL, 1, 5, NULL, 3),
(14, 'Piotr', 'Pietrasz', 'pc_piotr@poczta.onet.pl', '-', NULL, '-', 'pietrasz.jpg', 0x2d, 0x2d, NULL, NULL, 1, 3, NULL, 3),
(15, 'Bożena', 'Rojewska', 'kontakt@bozenarojewska.pl', '-', NULL, '-', 'rojewska.jpg', 0x2d, 0x2d, NULL, NULL, 1, 3, NULL, 2),
(16, 'Mariusz', 'Skiba', 'skiba@post.pl', '502-348-742', 0x4b61c5bc647920647275676920706f6e6965647a6961c582656b206d69657369c48563613a0d0a4d69656a736b6920446f6d204b756c747572792027506fc58275646e6965272077204b6f73747563686e69652c20756c2e205461646575737a6120426f79612dc5bb656c65c584736b6965676f2038332028676f647a2e2031362e3330202d2031372e3330290d0a4d69656a736b6920446f6d204b756c747572792027506fc58275646e69652720772050696f74726f7769636163682c20756c2e2047656e205a79676d756e74612057616c746572612d4a616e6b65676f203133362028676f647a2e2031382e3030202d2031392e3030290d0a4b61c5bc64792064727567692077746f72656b206d69657369c48563613a0d0a4d69656a736b6920446f6d204b756c747572792027506fc58275646e6965272077205a61727a65637a7520756c2e20506177c58261205374656c6c65726120342028676f647a2031362e30302d31372e3030290d0a, 'brak', 'skiba.jpg', 0x2d, 0x2d, '', '', 1, 1, '', 3),
(17, 'Maria', 'Sokół', '-', '(0) 696-682-088', NULL, '-', 'sokol.jpg', 0x2d, 0x2d, NULL, NULL, 1, 2, NULL, 2),
(18, 'Marek', 'Szczerbowski', 'marek.szczerbowski@um.katowice.pl', '-', NULL, '-', 'szczerbowski.jpg', 0x2d, 0x2d, NULL, NULL, 1, 5, NULL, 4),
(19, 'Tomasz', 'Szpyrka', 'Tomasz_Szpyrka@poczta.onet.pl', '-', NULL, '-', 'szpyrka.jpg', 0x2d, 0x2d, NULL, NULL, 1, 3, NULL, 2),
(20, 'Adam', 'Warzecha', 'adam@warzecha.katowice.pl', '-', NULL, '-', 'warzecha.jpg', 0x2d, 0x2d, NULL, NULL, 1, 2, NULL, 2),
(21, 'Stanisława', 'Wermińska', 'stanislawa.werminska@poczta.onet.pl', '-', NULL, '-', 'werminska.jpg', 0x2d, 0x2d, NULL, NULL, 1, 1, NULL, 1),
(22, 'Magdalena', 'Wieczorek', 'poczta@magdalenawieczorek.pl', '-', NULL, '-', 'wieczorek.jpg', 0x2d, 0x2d, NULL, NULL, 1, 4, NULL, 2),
(23, 'Witold', 'Witkowicz', 'witold.witkowicz@gazeta.pl', '-', NULL, '-', 'witkowicz.jpg', 0x2d, 0x2d, NULL, NULL, 1, 5, NULL, 2),
(24, 'Stanisław', 'Włoch', 'swloch@pron.pl', '-', NULL, '-', 'wloch.jpg', 0x2d, 0x2d, NULL, NULL, 1, 1, NULL, 2),
(25, 'Barbara', 'Wnęk', 'poczta@barbarawnek.pl', '-', NULL, '-', 'wnek.jpg', 0x2d, 0x2d, NULL, NULL, 1, 5, NULL, 2),
(26, 'Elżbieta', 'Zacher', 'elka.zacher@gmail.com', '-', NULL, '-', 'zacher.jpg', 0x2d, 0x2d, NULL, NULL, 1, 2, NULL, 1),
(27, 'Józef', 'Zawadzki', 'j.zawadzki@jzawadzki.nazwa.pl', '605-787-332', 0x4b61c5bc6479207069657277737a792069206f737461746e692077746f72656b206d69657369c48563613a0d0a537a6b6fc5826120506f64737461776f7761204e7220352077204b61746f7769636163682c20756c2e2047616c6c7573612035206f6420676f647a2031373a303020646f20676f647a2e2031383a3030, 'brak', 'zawadzki.jpg', 0x312e204a616b6965206279c582792050616e61206f626965746e696365207779626f72637a65207720637a61736965206b616d70616e6969207779626f72637a656a2032206c6174612074656d75203f0d0a4dc3b36a2070726f6772616d207779626f72637a79206f7061727479206279c582206e612074727a656368207761c5bc6e7963682070756e6b746163683a20706f6d6f63792073706fc58265637a6e656a2c20706f6d6f637920647a696563696f6d206f72617a2067c3b3726e696b6f6d2e2057206b77657374696920706f6d6f63792073706fc58265637a6e656a2c206f6269656361c582656d20736b757069656e6965207369c499206e6120706f6d6f637920707261776e656a206f72617a206e612070726f626c656d6965206d6965737a6b61c58420736f636a616c6e7963682e205a206b6f6c656920706f6d6f6320647a696563696f6d20696e74657270726574756a6520626172647a6f20737a65726f6b6f206a616b6f20726f7a7769c4857a7977616e69652070726f626c656dc3b37720647a696563692077207769656b7520737a6b6f6c6e796d2c207a2075626fc5bc737a79636820726f647a696e792c207a20646f6d7520647a6965636b612c20612074616bc5bc652073747564656e746f6d2e0d0a, 0x2d, '', '', 1, 4, '', 1),
(28, 'Andrzej', 'Zydorowicz', 'andrzej@zydorowicz.pl', '-', NULL, '-', 'zydorowicz.jpg', 0x2d, 0x2d, NULL, NULL, 1, 3, NULL, 2);

-- --------------------------------------------------------

--
-- Struktura tabeli dla  `rdn_in_kms`
--

CREATE TABLE `rdn_in_kms` (
  `RDN_IN_KMS_ID` int(11) NOT NULL auto_increment,
  `RDN_IN_KMS_RND_ID` int(11) NOT NULL,
  `RDN_IN_KMS_KMS_ID` int(11) NOT NULL,
  PRIMARY KEY  (`RDN_IN_KMS_ID`),
  KEY `RDN_IN_KMS_RND_ID` (`RDN_IN_KMS_RND_ID`),
  KEY `RDN_IN_KMS_KMS_ID` (`RDN_IN_KMS_KMS_ID`)
) ENGINE=MyISAM  DEFAULT CHARSET=utf8 COLLATE=utf8_bin AUTO_INCREMENT=26 ;

--
-- Zrzut danych tabeli `rdn_in_kms`
--

INSERT INTO `rdn_in_kms` (`RDN_IN_KMS_ID`, `RDN_IN_KMS_RND_ID`, `RDN_IN_KMS_KMS_ID`) VALUES
(14, 2, 8),
(13, 2, 3),
(12, 2, 2),
(11, 2, 1),
(16, 1, 6),
(15, 1, 5),
(25, 27, 4),
(24, 27, 3),
(23, 27, 2);

-- --------------------------------------------------------

--
-- Struktura tabeli dla  `rnk`
--

CREATE TABLE `rnk` (
  `RNK_RDN_ID` int(11) NOT NULL,
  `RNK_KMS` double NOT NULL,
  `RNK_RADY` double NOT NULL,
  `RNK_DUTY` double NOT NULL,
  `RNK_MAIL` double NOT NULL,
  `RNK_INTERNET` double NOT NULL,
  `RNK_SUM` double NOT NULL,
  `RNK_LP` int(11) NOT NULL,
  `RNK_LP_KMS` int(11) NOT NULL,
  `RNK_LP_RADY` int(11) NOT NULL,
  `RNK_LP_DUTY` int(11) NOT NULL,
  `RNK_LP_MAIL` int(11) NOT NULL,
  `RNK_LP_INTERNET` int(11) NOT NULL,
  PRIMARY KEY  (`RNK_RDN_ID`)
) ENGINE=MyISAM DEFAULT CHARSET=utf8 COLLATE=utf8_bin;

--
-- Zrzut danych tabeli `rnk`
--

INSERT INTO `rnk` (`RNK_RDN_ID`, `RNK_KMS`, `RNK_RADY`, `RNK_DUTY`, `RNK_MAIL`, `RNK_INTERNET`, `RNK_SUM`, `RNK_LP`, `RNK_LP_KMS`, `RNK_LP_RADY`, `RNK_LP_DUTY`, `RNK_LP_MAIL`, `RNK_LP_INTERNET`) VALUES
(1, 16.5, 19, 9, 1, 0, 45.5, 7, 4, 11, 1, 13, 10),
(2, 16, 20, 9, 0, 0, 45, 9, 5, 1, 1, 20, 10),
(3, 16, 20, 9, 1, 4.5, 50.5, 1, 5, 1, 1, 13, 2),
(4, 14, 20, 9, 1, 0, 44, 11, 18, 1, 1, 13, 10),
(5, 13, 18, 5, -1, 0, 35, 22, 24, 20, 18, 24, 10),
(6, 0, 0, 0, 0, 0, 0, 28, 28, 27, 24, 20, 10),
(7, 14, 19, 8, 1, 0, 42, 13, 18, 11, 9, 13, 10),
(8, 11, 16, 4, 3, 0, 34, 23, 26, 25, 20, 1, 10),
(9, 15, 17, 0, -1.5, 0, 30.5, 25, 11, 22, 24, 27, 10),
(10, 17, 20, 5, 3, 5, 50, 2, 2, 1, 18, 1, 1),
(11, 15.5, 20, 2, 1, 0.5, 39, 19, 10, 1, 23, 13, 9),
(12, 16, 20, 6, -1.5, 0, 40.5, 17, 5, 1, 15, 27, 10),
(13, 16, 20, 8, 3, 0, 47, 4, 5, 1, 9, 1, 10),
(14, 14, 19, 3, -1, 3, 38, 20, 18, 11, 22, 24, 4),
(15, 13.5, 19, 8, 1, 1, 42.5, 12, 21, 11, 9, 13, 7),
(16, 17, 19, 9, 0, 0, 45, 9, 2, 11, 1, 20, 10),
(17, 15, 18, 9, 0, 0, 42, 13, 11, 20, 1, 20, 10),
(18, 11.5, 0, 8, 3, 1, 23.5, 27, 25, 27, 9, 1, 7),
(19, 8, 17, -1, 3, 0, 27, 26, 27, 22, 28, 1, 10),
(20, 15, 20, 7, 3, 2, 47, 4, 11, 1, 14, 1, 5),
(21, 15, 20, 8, -1, 0, 42, 13, 11, 1, 9, 24, 10),
(22, 13.5, 19, 6, 2.5, 4.5, 45.5, 7, 21, 11, 15, 11, 2),
(23, 14.5, 19, 6, 1, 0, 40.5, 17, 16, 11, 15, 13, 10),
(24, 19, 14, 0, 3, 0, 36, 21, 1, 26, 24, 1, 10),
(25, 14.5, 19, 4, 3, 1.5, 42, 13, 16, 11, 20, 1, 6),
(26, 16, 20, 9, 3, 0, 48, 3, 5, 1, 1, 1, 10),
(27, 15, 19, 9, 3, 0, 46, 6, 11, 11, 1, 1, 10),
(28, 13.5, 17, 0, 2.5, 0, 33, 24, 21, 22, 24, 11, 10);

-- --------------------------------------------------------

--
-- Struktura tabeli dla  `tnr`
--

CREATE TABLE `tnr` (
  `TNR_ID` int(11) NOT NULL auto_increment,
  `TNR_NAME` varchar(64) collate utf8_bin default NULL,
  `TNR_BEGINS` date NOT NULL,
  `TNR_ENDS` date NOT NULL,
  `TNR_PRESENT` tinyint(1) NOT NULL,
  PRIMARY KEY  (`TNR_ID`)
) ENGINE=MyISAM  DEFAULT CHARSET=utf8 COLLATE=utf8_bin AUTO_INCREMENT=2 ;

--
-- Zrzut danych tabeli `tnr`
--

INSERT INTO `tnr` (`TNR_ID`, `TNR_NAME`, `TNR_BEGINS`, `TNR_ENDS`, `TNR_PRESENT`) VALUES
(1, 'VI', '2010-11-30', '2014-11-29', 1);

-- --------------------------------------------------------

--
-- Struktura tabeli dla  `uch`
--

CREATE TABLE `uch` (
  `UCH_ID` int(11) NOT NULL auto_increment,
  `UCH_FILE` varchar(256) collate utf8_bin NOT NULL,
  `UCH_NAME` varchar(512) collate utf8_bin default NULL,
  `UCH_TYPE` int(11) NOT NULL COMMENT '1 - UCHWAŁA, 2 - PROJEKT',
  `UCH_KMS_ID` int(11) NOT NULL,
  `UCH_DATE` date default NULL,
  `UCH_NUMBER` int(11) default NULL,
  PRIMARY KEY  (`UCH_ID`)
) ENGINE=MyISAM  DEFAULT CHARSET=utf8 COLLATE=utf8_bin AUTO_INCREMENT=70 ;

--
-- Zrzut danych tabeli `uch`
--

INSERT INTO `uch` (`UCH_ID`, `UCH_FILE`, `UCH_NAME`, `UCH_TYPE`, `UCH_KMS_ID`, `UCH_DATE`, `UCH_NUMBER`) VALUES
(6, 'pomoc_spoleczna/XXI_482__25_04_2012.pdf', 'UCHWAŁA NR XXI/482/12 RADY MIASTA KATOWICE z dnia 25 kwietnia 2012 r. w sprawie przyjęcia oceny zasobów pomocy społecznej za 2011 rok.', 1, 6, '2012-04-25', 482),
(7, 'bezpieczenstwo/VI_65_28_02_2011.pdf', 'Uchwała nr VI/65/2011 z dnia 28/02/2011 w sprawie programu zapobiegania przestępczości oraz ochrony bezpieczeństwa obywateli i porządku publicznego w 2011r.', 1, 6, '2011-02-28', 65),
(8, 'bezpieczenstwo/X_140_30_05_11.pdf', 'Uchwała nr X/140/2011 z dnia 30/05/2011 w sprawie oceny stanu zabezpieczenia przeciwpowodziowego miasta Katowice w 2010r.', 1, 6, '2011-05-30', 140),
(9, 'bezpieczenstwo/XIX_391_28_02_2012.pdf', 'Uchwała nr XIX/391/2012 z dnia 28/02/2012 w sprawie programu zapobiegania przestępczości oraz ochrony bezpieczeństwa obywateli i porządku publicznego w 2012r.', 1, 6, '2012-02-28', 391),
(10, 'edukacja/III_21_04_01_11.pdf', 'Uchwała nr III/21/2011 z dnia 4/01/2011 w sprawie rozpatrzenia wezwania Śląskiej Społecznej Rady Oświatowej w Katowicach do usunięcia naruszenia prawa uchwałą nr LXII/1272/10 z dnia 26 lipca 2010r. w sprawie ustalenia opłat za świadczenia udzielane przez przedszkola, dla których organem prowadzącym jest miasto Katowice.', 1, 2, '2011-01-04', 21),
(11, 'edukacja/III_22_04_01_11.pdf', 'Uchwała nr III/22/2011 z dnia 04/01/2011 w sprawie rozpatrzenia wezwania Śląskiej Społecznej Rady Oświatowej w Katowicach do usunięcia naruszenia prawa uchwałą nr LVI/1339/10 z dnia 25 października 2010r zmieniającą uchwałę w sprawie ustalenia opłat za świadczenia udzielane przez przedszkola, dla których organem prowadzącym jest miasto Katowice.', 1, 2, '2011-01-04', 22),
(12, 'edukacja/VII_94_28_03_11.pdf', 'Uchwała nr VII/94/2011 z dnia 28/03/2011 zmieniająca uchwałę w sprawie obwodów publicznych gimnazjów prowadzonych przez miasto Katowice.', 1, 2, '2011-03-28', 94),
(13, 'edukacja/VIII_118_18_04_11.pdf', 'Uchwała nr VIII/118/2011 z dnia 18/04/2011 zmieniająca uchwałę w sprawie zmiany obwodów publicznych gimnazjów prowadzonych przez miasto Katowice.', 1, 2, '2011-04-18', 118),
(14, 'edukacja/XIII_229_05_09_11.pdf', 'Uchwała nr XIII/229/2011 z dnia 05/09/2011 w sprawie przyjęcia planu nadzoru nad żłobkami, działającymi na terenie miasta Katowice.', 1, 2, '2011-09-05', 229),
(15, 'edukacja/XIII_233_05_09_11.pdf', 'Uchwała nr XIII/233/2011 z dnia 05/09/2011 w sprawie utworzenia oddziału pogotowia przedszkolnego w Szkole Podstawowej dla Dzieci Chorych im. Krystyny Bochenek wchodzącej w skład Zespołu Szkół Specjalnych nr 6 w Katowicach, ul. Medyków.', 1, 2, '2011-09-05', 233),
(16, 'edukacja/XIII_509_30_05_12.pdf', 'Uchwała nr XXIII/509/2012 z dnia 30/05/2012 w sprawie połączenia w Zespół Szkół Ogólnokształcących nr 3 w Katowicach Gimnazjum nr 8 im. Królowej Jadwigi w Katowicach i IX Liceum Ogólnokształcącego z oddziałami integracyjnymi im. Henryka Sienkiewicza w Katowicach.', 1, 2, '2012-05-30', 509),
(17, 'edukacja/XIV_240_28_09_11.pdf', 'Uchwała nr XIV/240/2011 z dnia 28/09/2011 w sprawie przyjęcia planu nadzoru nad klubami dziecięcymi, działającymi na terenie miasta Katowice.', 1, 2, '2011-09-28', 240),
(18, 'edukacja/XIV_241_28_09_11.pdf', 'Uchwała nr XIV/241/2011 z dnia 28/09/2011 w sprawie ustalenia opłat za świadczenia udzielane przez przedszkola, dla których organem prowadzącym jest miasto Katowice.', 1, 2, '2011-09-28', 241),
(19, 'edukacja/XIV_246_28_09_11.pdf', 'Uchwała nr XIV/246/2011 z dnia 28/09/2011 zmieniająca uchwałę w sprawie regulaminu udzielania pomocy materialnej o charakterze socjalnym dla uczniów zamieszkałych na terenie miasta Katowice.', 1, 2, '2011-09-28', 246),
(20, 'edukacja/XIX_403_29_02_12.pdf', 'Uchwała nr XIX/403/2012 z dnia 29/02/2012 nr w sprawie zamiaru przekształcenia zasadniczych szkół zawodowych.', 1, 2, '2012-02-29', 403),
(21, 'edukacja/XIX_410_29_02_12.pdf', 'Uchwała nr XIX/410/2012 z dnia 29/02/2012 w sprawie dofinansowania doskonalenia zawodowego nauczycieli zatrudnionych w szkołach i placówkach oświatowych prowadzonych przez miasto Katowice na rok 2012.', 1, 2, '2012-02-29', 410),
(22, 'edukacja/XV_266_26_10_11.pdf', 'Uchwała nr XV/266/2011 z dnia 26/10/2011 w sprawie uchwalenia statutu żłobka miejskiego w Katowicach.', 1, 2, '2011-10-26', 266),
(23, 'edukacja/XVI_308_30_11_11.pdf', 'Uchwała nr XVI/308/2011 z dnia 30/11/2011 w sprawie przyjęcia,, Informacji o stanie realizacji zadań oświatowych miasta Katowice za rok szkolny 2010/2011, w tym o wynikach sprawdzianu i egzaminów".', 1, 2, '2011-11-30', 308),
(24, 'edukacja/XVI_309_30_11_11.pdf', 'Uchwała nr XVI/309/2011 z dnia 30/11/2011 zmieniająca uchwałę w sprawie dofinansowania doskonalenia zawodowego nauczycieli zatrudnionych w szkołach i placówkach oświatowych prowadzonych przez miasto Katowice na rok 2011.', 1, 2, '2011-11-30', 309),
(25, 'edukacja/XVII_349_21_12_11.pdf', 'Uchwała nr XVIII/349/2011 z dnia 21/12/2011 zmieniająca uchwałę w sprawie uchwalenia statutu żłobka miejskiego w Katowicach.', 1, 2, '2011-12-21', 349),
(26, 'edukacja/XVIII_376_25_01_12.pdf', 'Uchwała nr XVIII/376/2012 z dnia 25/01/2012 w sprawie zmiany nazwy VIII Liceum Ogólnokształcącego im. Marii Skłodowskiej-Curie w Katowicach.', 1, 2, '2012-01-25', 376),
(27, 'edukacja/XVIII_383_25_01_12.pdf', 'Uchwała nr XVIII/383/2012 z dnia 25/01/2012 w sprawie zamiaru przeniesienia kształcenia w zawodzie oraz likwidacji szkół wchodzących w skład Zespołu Szkół Odzieżowych i Ogólnokształcących im. Zofii Kossak w Katowicach.', 1, 2, '2012-01-25', 383),
(28, 'edukacja/XVI_384_25_01_12.pdf', 'Uchwała nr XVI/384/2012 z dnia 25/01/2012 w sprawie zamiaru przeniesienia kształcenia w zawodach oraz likwidacji szkół wchodzących w skład Zespołu Szkół Technicznych i Ogólnokształcących im. gen prof. Sylwestra Kaliskiego w Katowicach', 1, 2, '2012-01-25', 384),
(29, 'edukacja/XX_439_28_03_12.pdf', 'Uchwała nr  XX/439/2012 z dnia 28/03/2012 w sprawie ustalenia sieci publicznych przedszkoli i oddziałów przedszkolnych w szkołach podstawowych prowadzonych przez miasto Katowice.', 1, 2, '2012-03-28', 439),
(30, 'edukacja/XX_443_28_03_12.pdf', 'Uchwała nr XX/443/2012 z dnia 28/03/2012 w sprawie uchylenia uchwały w sprawie zmiany nazwy VIII Liceum Ogólnokształcącego im. Marii Skłodowskiej-Curie w Katowicach.', 1, 2, '2012-03-28', 443),
(31, 'edukacja/XXIII_509_30_05_12.pdf', 'Uchwała nr XXIII/509/2012 z dnia 30/05/2012 w sprawie połączenia w Zespół Szkół Ogólnokształcących nr 3 w Katowicach Gimnazjum nr 8 im. Królowej Jadwigi w Katowicach i IX Liceum Ogólnokształcącego z oddziałami integracyjnymi im. Henryka Sienkiewicza w Katowicach.', 1, 2, '2012-05-30', 509),
(32, 'edukacja/XXIII_510_30_05_12.pdf', 'Uchwała nr XXIII/510/2012 z dnia 30/05/2012 w sprawie założenia trzyletniego Liceum Ogólnokształcącego w Zespole Szkolno-Przedszkolnym dla Dzieci Niesłyszących i Słabosłyszących w Katowicach.', 1, 2, '2012-05-30', 510),
(33, 'ekologia/XV_269_26_10_11.pdf', 'Uchwała nr XV/269/2011 z dnia 26/10/2011 w sprawie przyjęcia,, Programu ochrony środowiska przed hałasem dla miasta Katowice".', 1, 3, '2011-10-26', 269),
(34, 'ekologia/XV_268_26_10_11.pdf', 'Uchwała nr XV/268/2011 z dnia 26/10/2011 w sprawie przyjęcia,, Programu Ochrony Środowiska dla Miasta Katowice na lata 2010-2013".', 1, 3, '2011-10-26', 268),
(35, 'ekologia_XV_275_26_10_11.pdf', 'Uchwała nr XV/275/2011 z dnia 26/10/2011 w sprawie przystąpienia Miasta Katowice do Programu Priorytetowego Narodowego Funduszu Ochrony Środowiska i Gospodarki Wodnej p.t.:,, System zielonych inwestycji ( GIS- Green Investment Scheme) Część I. Zarządzanie energią w budynkach użyteczności publicznej" z projektem pn.,, Modernizacja budynku przy ul. Młyńskiej 1 w Katowicach.', 1, 3, '2012-10-26', 275),
(36, 'ekologia/XVII_350_21_12_11.pdf', 'Uchwała nr XVII/350/2011 z dnia 21/12/2011 zmieniająca uchwałę w sprawie zasad i trybu postępowania przy udzielaniu dotacji celowej na realizację zadań z zakresu ochrony środowiska i gospodarki wodnej oraz kryteriów wyborów inwestycji dofinansowania.', 1, 3, '2011-12-21', 350),
(37, 'ekologia/XVII_352_21_12_11.pdf', 'Uchwała nr XVII/352/2011 z dnia 21/12/2011 w sprawie uchwalenia,, Wieloletniego planu rozwoju i modernizacji urządzeń wodociągowych i kanalizacyjnych, będących w posiadaniu Katowickich Wodociągów S.A. na terenie Miasta Katowice, na lata 2012-2013".', 1, 3, '2011-12-21', 352),
(38, 'finanse/II_3_13_12_10.pdf', 'Uchwała nr II/3/2010 z dnia 13/12/2010 w sprawie ustalenia wynagrodzenia dla Prezydenta Miasta Katowice.', 1, 1, '2010-12-13', 3),
(39, 'finanse/II_15_13_12_10.pdf', 'Uchwała nr II/15/2010 z dnia 13/12/2010 w sprawie uchylenia uchwały Rady Miasta Katowice w sprawie opłaty od posiadania psów obowiązującej na terenie miasta Katowic.', 1, 1, '2010-12-13', 15),
(40, 'finanse/II_16_13_12_10.pdf', 'Uchwała nr II/16/2010 z dnia 13/12/2010  w sprawie zmian budżetu oraz budżecie miasta Katowice na 2010 r.', 1, 1, '2010-12-13', 16),
(41, 'finanse/II_18_13_12_10.pdf', 'Uchwała nr II/18/2010 z dnia 13/12/2010 w sprawie ustalenia wykazu planowanych wydatków w budżecie miasta Katowice, które nie wygasają z upływem roku budżetowego 2010 oraz określanie ostatecznego terminu realizacji każdego wydatku ujętego w tym wykazie.', 1, 1, '2010-12-13', 18),
(42, 'finanse/V_30_31_01_11.pdf', 'Uchwała nr V/30/2011 z dnia 31/01/2011 w sprawie uchwalenia Wieloletniej Prognozy Finansowej miasta Katowice na lata 2011-2035.', 1, 1, '2011-01-31', 30),
(43, 'finanse/V_31_31_01_11.pdf', 'Uchwała nr V/31/2011 z dnia 31/01/2011 w sprawie uchwalenia budżetu miasta Katowice na 2011 rok.', 1, 1, '2011-01-31', 31),
(44, 'finanse/V_50_31_01_11.pdf', 'Uchwała nr V/50/2011 z dnia 31/01/2011 zmieniająca uchwałę w sprawie określenia wysokości składek podatku od nieruchomości na rok 2010 obowiązujących na terenie miasta Katowice.', 1, 1, '2011-01-11', 50),
(45, 'finanse/V_52_31_01_11.pdf', 'Uchwała nr V/52/2011 z dnia 31/01/2011 w sprawie zasad i trybu postępowania przy udzielaniu dotacji celowej na realizację zadań z zakresu ochrony środowiska i gospodarki wodnej oraz kryteriów decyzji dofinansowania.', 1, 1, '2011-01-31', 52),
(46, 'finanse/VI_67_28_02_11.pdf', 'Uchwała nr VI/67/2011 z dnia 28/02/2011 w sprawie podwyższenia kapitału zakładowego Katowickiego Towarzystwa Budownictwa Społecznego Spółki z.o.o. poprzez wniesienie wkładu pieniężnego.', 1, 1, '2011-02-28', 67),
(47, 'finanse/VI_70_28_02_11.pdf', 'Uchwała nr VI/70/2011 z dnia 28/02/2011 zmieniająca uchwałę w sprawie zaciągnięcia pożyczki z  Wojewódzkiego funduszu Ochrony Środowiska i Gospodarki Wodnej na dofinansowanie realizacji zadania inwestycyjnego pn.,, Termomodernizacja budynku Miejskiej Biblioteki Publicznej Filia nr 14 przy ul. Piastów 20 w Katowicach.', 1, 1, '2011-02-28', 70),
(48, 'finanse/VI_71_28_02_11.pdf', 'Uchwała nr VI/71/2011 z dnia 28/02/2011 w sprawie zaciągnięcia kredytu w Europejskim Banku Inwestycyjnym( kontrakt II).', 1, 1, '2011-02-28', 71),
(49, 'finanse/VI_72_28_02_11.pdf', 'Uchwała nr VI/72/2011 z dnia 28/02/2011 zmieniająca uchwałę w sprawie uchwalenia budżetu miasta Katowice na 2011r.', 1, 1, '2011-02-28', 72),
(50, 'finanse/VI_73_28_02_11.pdf', 'Uchwała nr VI/73/2011 z dnia 28/02/2011 w sprawie zmian budżetu oraz w budżecie miasta Katowice na 2011 r.', 1, 1, '2011-02-28', 73),
(51, 'finanse/VI_74_28_02_11.pdf', 'Uchwała nr VI/74/2011 z dnia 28/02/2011 w sprawie zmian Wieloletniej Prognozy Finansowej miasta Katowice na lata 2011-2035.', 1, 1, '2011-02-28', 74),
(52, 'finanse/VII_103_28_03_11.pdf', 'Uchwała nr VII/103/2011 z dnia 28/03/2011 w sprawie zwolnienia od podatku od nieruchomości stanowiącego regionalną pomoc inwestycyjną.', 1, 1, '2011-03-28', 103),
(53, 'finanse/VII_105_28_03_11.pdf', 'Uchwała nr VII/105/2011 z dnia 28/03/2011 w sprawie zmian budżetu oraz w budżecie miasta Katowice na 2011 rok.', 1, 1, '2011-03-28', 105),
(54, 'finanse/VII_106_28_03_11.pdf', 'Uchwała nr VII/106/2011 z dnia 28/03/2011 w sprawie zmian w Wieloletniej Prognozie Finansowej miasta Katowice na lata 2011-2035.', 1, 1, '2011-03-28', 106),
(55, 'finanse/VIII_126_18_04_11.pdf', 'Uchwała nr VIII/126/2011 z dnia 18/04/2011 w sprawie ustalenia wysokości opłaty za wpis do ,,Rejestru Żłóbków i Klubów Dziecięcych".', 1, 1, '2011-04-18', 126),
(56, 'finanse/VIII_127_18_04_11.pdf', 'Uchwała nr VIII/127/2011 z dnia 18/04/2011 w sprawie zmian budżetu oraz w budżecie miasta Katowice na 2011 rok.', 1, 1, '2011-04-18', 127),
(57, 'finanse/VIII_128_18_04_11.pdf', 'Uchwała nr VIII/128/2011 z dnia 18/04/2011 w sprawie zmian w Wieloletniej Prognozie Finansowej Miasta Katowice na lata 2011-2035.', 1, 1, '2011-04-18', 128),
(58, 'finanse/X_163_30_05_11.pdf', 'Uchwała nr X/163/2011 z dnia 30/05/2011 w sprawie zmian w Wieloletniej Prognozie Finansowej na lata 2011-2035.', 1, 1, '2011-05-30', 163),
(59, 'finanse/X_157_30_05_11.pdf', 'Uchwała nr X/157/2011 z dnia 30/05/2011 zmieniająca uchwałę w sprawie zasad i trybu postępowania przy udzielaniu dotacji celowej na realizację zadań z zakresu ochrony środowiska i gospodarki wodnej oraz kryteriów wyboru inwestycji do finansowania.', 1, 1, '2011-05-30', 157),
(60, 'finanse/XII_195_27_07_11.pdf', 'Uchwała nr XII/195/2011 z dnia 27/07/2011 w sprawie zwolnień od podatku od nieruchomości w ramach pomocy de minimis.', 1, 1, '2011-07-27', 195),
(61, 'finanse/XII_198_27_07_11.pdf', 'Uchwała nr XII/198/2011 z dnia 27/07/2011 w sprawie zaciągnięcia kredytu w Banku Rozwoju Rady Europy.', 1, 1, '2011-07-27', 198),
(62, 'finanse/XII_199_27_07_11.pdf', 'Uchwała nr XII/199/2011 z dnia 27/07/2011 w sprawie zmian budżetu oraz budżecie miasta Katowice na 2011r.', 1, 1, '2011-07-27', 199),
(63, 'finanse/XII_200_27_07_11.pdf', 'Uchwała nr XII/200/2011 z dnia 27/07/2011 w sprawie zmiany w Wieloletniej Prognozie Podatkowej miasta Katowice na lata 2011-2035.', 1, 1, '2011-07-27', 200),
(64, 'finanse/XII_201_21_07_11.pdf', 'Uchwała nr XII/201/2011 z dnia 27/07/2011 zmieniająca uchwałę w sprawie trybu prac nad projektem uchwały budżetowej miasta Katowice, szczegółowości projektu budżetu oraz rodzajów materiałów informacyjnych towarzyszących projektowi budżetu.', 1, 1, '2011-07-27', 201),
(65, 'finanse/XII_207_27_07_11.pdf', 'Uchwała nr XII/207/2011 z dnia 27/07/2011 w sprawie wyrażenia zgody na dokonanie umorzenia wierzytelności należnej miastu Katowice od Samodzielnego Publicznego Zakładu Opieki Zdrowotnej Szpitala Miejskiego Murcki w Katowicach z tytułu pożyczek udzielonych z budżetu miasta Katowice.', 1, 1, '2011-07-27', 207),
(66, 'finanse/XII_208_27_07_11.pdf', 'Uchwała nr XII/208/2011 z dnia 27/07/2011 w sprawie podwyższenia kapitału zakładowego Katowickiej Infrastruktury Wodociągowo-Kanalizacyjnej Spółki z.o.o. poprzez wniesienie wkładu pieniężnego i niepieniężnego.', 1, 1, '2011-07-27', 208),
(67, 'finanse/XIII_224_05_09_11.pdf', 'Uchwała nr XIII/224/2011 z dnia 05/09/2011 w sprawie udzielenia bonifikaty w wysokości 50% i 90% od opłat z tytułu przekształcenia prawa użytkowania wieczystego w prawo własności nieruchomości.', 1, 1, '2011-09-05', 224),
(68, 'finanse/XIII_225_05_09_11.pdf', 'Uchwała nr XIII/225/2011 z dnia 05/09/2011 w sprawie podwyższenia kapitału zakładowego Spółki GKS GieKSa Katowice Spółka Akcyjna poprzez wniesienie wkładu pieniężnego.', 1, 1, '2011-09-05', 225),
(69, 'finanse/XIII_330_05_09_11.pdf', 'Uchwała nr XIII/330/2011 z dnia 05/09/2011 w sprawie zmian budżetu oraz budżecie miasta Katowice na 2011 rok.', 1, 1, '2011-09-05', 330);

-- --------------------------------------------------------

--
-- Struktura tabeli dla  `uch_in_cat`
--

CREATE TABLE `uch_in_cat` (
  `UCH_IN_CAT_ID` int(11) NOT NULL auto_increment,
  `UCH_IN_CAT_UCH_ID` int(11) NOT NULL,
  `UCH_IN_CAT_CAT_ID` int(11) NOT NULL,
  PRIMARY KEY  (`UCH_IN_CAT_ID`),
  KEY `UCH_IN_CAT_UCH_ID` (`UCH_IN_CAT_UCH_ID`),
  KEY `UCH_IN_CAT_CAT_ID` (`UCH_IN_CAT_CAT_ID`)
) ENGINE=MyISAM  DEFAULT CHARSET=utf8 COLLATE=utf8_bin AUTO_INCREMENT=100 ;

--
-- Zrzut danych tabeli `uch_in_cat`
--

INSERT INTO `uch_in_cat` (`UCH_IN_CAT_ID`, `UCH_IN_CAT_UCH_ID`, `UCH_IN_CAT_CAT_ID`) VALUES
(8, 1, 8),
(17, 2, 15),
(16, 2, 6),
(7, 3, 11),
(9, 4, 5),
(15, 2, 5),
(14, 2, 1),
(21, 5, 14),
(20, 5, 13),
(23, 6, 11),
(46, 7, 1),
(47, 8, 1),
(48, 9, 1),
(49, 10, 2),
(50, 11, 2),
(51, 12, 2),
(52, 13, 2),
(53, 14, 2),
(54, 15, 2),
(45, 16, 2),
(35, 17, 2),
(36, 18, 2),
(37, 19, 2),
(38, 20, 2),
(39, 21, 2),
(40, 22, 2),
(41, 23, 2),
(42, 24, 2),
(43, 25, 2),
(44, 26, 2),
(57, 27, 2),
(56, 28, 2),
(58, 29, 2),
(59, 30, 2),
(60, 31, 2),
(61, 32, 2),
(62, 33, 3),
(63, 34, 3),
(64, 35, 3),
(65, 36, 3),
(66, 37, 3),
(67, 38, 4),
(68, 39, 4),
(69, 40, 4),
(70, 41, 4),
(71, 42, 4),
(72, 43, 4),
(73, 44, 4),
(74, 45, 4),
(75, 46, 4),
(76, 47, 4),
(77, 48, 4),
(80, 49, 4),
(79, 50, 4),
(81, 51, 4),
(82, 52, 4),
(83, 53, 4),
(84, 54, 4),
(85, 55, 4),
(86, 56, 4),
(87, 57, 4),
(88, 58, 4),
(89, 59, 4),
(90, 60, 4),
(91, 61, 4),
(92, 62, 4),
(93, 63, 4),
(94, 64, 4),
(95, 65, 4),
(96, 66, 4),
(97, 67, 4),
(98, 68, 4),
(99, 69, 4);

-- --------------------------------------------------------

--
-- Struktura tabeli dla  `uch_in_dzl`
--

CREATE TABLE `uch_in_dzl` (
  `UCH_IN_DZL` int(11) NOT NULL auto_increment,
  `UCH_IN_DZL_DZL_ID` int(11) NOT NULL,
  `UCH_IN_DZL_UCH_ID` int(11) NOT NULL,
  PRIMARY KEY  (`UCH_IN_DZL`),
  KEY `UCH_IN_DZL_UCH_ID` (`UCH_IN_DZL_UCH_ID`),
  KEY `UCH_IN_DZL_DZL_ID` (`UCH_IN_DZL_DZL_ID`)
) ENGINE=MyISAM  DEFAULT CHARSET=utf8 COLLATE=utf8_bin AUTO_INCREMENT=1510 ;

--
-- Zrzut danych tabeli `uch_in_dzl`
--

INSERT INTO `uch_in_dzl` (`UCH_IN_DZL`, `UCH_IN_DZL_DZL_ID`, `UCH_IN_DZL_UCH_ID`) VALUES
(110, 22, 6),
(109, 21, 6),
(108, 20, 6),
(107, 19, 6),
(106, 18, 6),
(105, 17, 6),
(104, 16, 6),
(103, 15, 6),
(102, 14, 6),
(101, 13, 6),
(100, 12, 6),
(99, 11, 6),
(98, 10, 6),
(97, 9, 6),
(96, 8, 6),
(95, 7, 6),
(94, 6, 6),
(93, 5, 6),
(92, 4, 6),
(91, 3, 6),
(90, 2, 6),
(89, 1, 6),
(532, 22, 7),
(531, 21, 7),
(530, 20, 7),
(529, 19, 7),
(528, 18, 7),
(527, 17, 7),
(526, 16, 7),
(525, 15, 7),
(524, 14, 7),
(523, 13, 7),
(522, 12, 7),
(521, 11, 7),
(520, 10, 7),
(519, 9, 7),
(518, 8, 7),
(517, 7, 7),
(516, 6, 7),
(515, 5, 7),
(514, 4, 7),
(513, 3, 7),
(512, 2, 7),
(511, 1, 7),
(554, 22, 8),
(553, 21, 8),
(552, 20, 8),
(551, 19, 8),
(550, 18, 8),
(549, 17, 8),
(548, 16, 8),
(547, 15, 8),
(546, 14, 8),
(545, 13, 8),
(544, 12, 8),
(543, 11, 8),
(542, 10, 8),
(541, 9, 8),
(540, 8, 8),
(539, 7, 8),
(538, 6, 8),
(537, 5, 8),
(536, 4, 8),
(535, 3, 8),
(534, 2, 8),
(533, 1, 8),
(576, 22, 9),
(575, 21, 9),
(574, 20, 9),
(573, 19, 9),
(572, 18, 9),
(571, 17, 9),
(570, 16, 9),
(569, 15, 9),
(568, 14, 9),
(567, 13, 9),
(566, 12, 9),
(565, 11, 9),
(564, 10, 9),
(563, 9, 9),
(562, 8, 9),
(561, 7, 9),
(560, 6, 9),
(559, 5, 9),
(558, 4, 9),
(557, 3, 9),
(556, 2, 9),
(555, 1, 9),
(598, 22, 10),
(597, 21, 10),
(596, 20, 10),
(595, 19, 10),
(594, 18, 10),
(593, 17, 10),
(592, 16, 10),
(591, 15, 10),
(590, 14, 10),
(589, 13, 10),
(588, 12, 10),
(587, 11, 10),
(586, 10, 10),
(585, 9, 10),
(584, 8, 10),
(583, 7, 10),
(582, 6, 10),
(581, 5, 10),
(580, 4, 10),
(579, 3, 10),
(578, 2, 10),
(577, 1, 10),
(620, 22, 11),
(619, 21, 11),
(618, 20, 11),
(617, 19, 11),
(616, 18, 11),
(615, 17, 11),
(614, 16, 11),
(613, 15, 11),
(612, 14, 11),
(611, 13, 11),
(610, 12, 11),
(609, 11, 11),
(608, 10, 11),
(607, 9, 11),
(606, 8, 11),
(605, 7, 11),
(604, 6, 11),
(603, 5, 11),
(602, 4, 11),
(601, 3, 11),
(600, 2, 11),
(599, 1, 11),
(642, 22, 12),
(641, 21, 12),
(640, 20, 12),
(639, 19, 12),
(638, 18, 12),
(637, 17, 12),
(636, 16, 12),
(635, 15, 12),
(634, 14, 12),
(633, 13, 12),
(632, 12, 12),
(631, 11, 12),
(630, 10, 12),
(629, 9, 12),
(628, 8, 12),
(627, 7, 12),
(626, 6, 12),
(625, 5, 12),
(624, 4, 12),
(623, 3, 12),
(622, 2, 12),
(621, 1, 12),
(664, 22, 13),
(663, 21, 13),
(662, 20, 13),
(661, 19, 13),
(660, 18, 13),
(659, 17, 13),
(658, 16, 13),
(657, 15, 13),
(656, 14, 13),
(655, 13, 13),
(654, 12, 13),
(653, 11, 13),
(652, 10, 13),
(651, 9, 13),
(650, 8, 13),
(649, 7, 13),
(648, 6, 13),
(647, 5, 13),
(646, 4, 13),
(645, 3, 13),
(644, 2, 13),
(643, 1, 13),
(686, 22, 14),
(685, 21, 14),
(684, 20, 14),
(683, 19, 14),
(682, 18, 14),
(681, 17, 14),
(680, 16, 14),
(679, 15, 14),
(678, 14, 14),
(677, 13, 14),
(676, 12, 14),
(675, 11, 14),
(674, 10, 14),
(673, 9, 14),
(672, 8, 14),
(671, 7, 14),
(670, 6, 14),
(669, 5, 14),
(668, 4, 14),
(667, 3, 14),
(666, 2, 14),
(665, 1, 14),
(687, 1, 15),
(510, 11, 16),
(311, 1, 17),
(312, 2, 17),
(313, 3, 17),
(314, 4, 17),
(315, 5, 17),
(316, 6, 17),
(317, 7, 17),
(318, 8, 17),
(319, 9, 17),
(320, 10, 17),
(321, 11, 17),
(322, 12, 17),
(323, 13, 17),
(324, 14, 17),
(325, 15, 17),
(326, 16, 17),
(327, 17, 17),
(328, 18, 17),
(329, 19, 17),
(330, 20, 17),
(331, 21, 17),
(332, 22, 17),
(333, 1, 18),
(334, 2, 18),
(335, 3, 18),
(336, 4, 18),
(337, 5, 18),
(338, 6, 18),
(339, 7, 18),
(340, 8, 18),
(341, 9, 18),
(342, 10, 18),
(343, 11, 18),
(344, 12, 18),
(345, 13, 18),
(346, 14, 18),
(347, 15, 18),
(348, 16, 18),
(349, 17, 18),
(350, 18, 18),
(351, 19, 18),
(352, 20, 18),
(353, 21, 18),
(354, 22, 18),
(355, 1, 19),
(356, 2, 19),
(357, 3, 19),
(358, 4, 19),
(359, 5, 19),
(360, 6, 19),
(361, 7, 19),
(362, 8, 19),
(363, 9, 19),
(364, 10, 19),
(365, 11, 19),
(366, 12, 19),
(367, 13, 19),
(368, 14, 19),
(369, 15, 19),
(370, 16, 19),
(371, 17, 19),
(372, 18, 19),
(373, 19, 19),
(374, 20, 19),
(375, 21, 19),
(376, 22, 19),
(377, 1, 20),
(378, 2, 20),
(379, 3, 20),
(380, 4, 20),
(381, 5, 20),
(382, 6, 20),
(383, 7, 20),
(384, 8, 20),
(385, 9, 20),
(386, 10, 20),
(387, 11, 20),
(388, 12, 20),
(389, 13, 20),
(390, 14, 20),
(391, 15, 20),
(392, 16, 20),
(393, 17, 20),
(394, 18, 20),
(395, 19, 20),
(396, 20, 20),
(397, 21, 20),
(398, 22, 20),
(399, 1, 21),
(400, 2, 21),
(401, 3, 21),
(402, 4, 21),
(403, 5, 21),
(404, 6, 21),
(405, 7, 21),
(406, 8, 21),
(407, 9, 21),
(408, 10, 21),
(409, 11, 21),
(410, 12, 21),
(411, 13, 21),
(412, 14, 21),
(413, 15, 21),
(414, 16, 21),
(415, 17, 21),
(416, 18, 21),
(417, 19, 21),
(418, 20, 21),
(419, 21, 21),
(420, 22, 21),
(421, 1, 22),
(422, 2, 22),
(423, 3, 22),
(424, 4, 22),
(425, 5, 22),
(426, 6, 22),
(427, 7, 22),
(428, 8, 22),
(429, 9, 22),
(430, 10, 22),
(431, 11, 22),
(432, 12, 22),
(433, 13, 22),
(434, 14, 22),
(435, 15, 22),
(436, 16, 22),
(437, 17, 22),
(438, 18, 22),
(439, 19, 22),
(440, 20, 22),
(441, 21, 22),
(442, 22, 22),
(443, 1, 23),
(444, 2, 23),
(445, 3, 23),
(446, 4, 23),
(447, 5, 23),
(448, 6, 23),
(449, 7, 23),
(450, 8, 23),
(451, 9, 23),
(452, 10, 23),
(453, 11, 23),
(454, 12, 23),
(455, 13, 23),
(456, 14, 23),
(457, 15, 23),
(458, 16, 23),
(459, 17, 23),
(460, 18, 23),
(461, 19, 23),
(462, 20, 23),
(463, 21, 23),
(464, 22, 23),
(465, 1, 24),
(466, 2, 24),
(467, 3, 24),
(468, 4, 24),
(469, 5, 24),
(470, 6, 24),
(471, 7, 24),
(472, 8, 24),
(473, 9, 24),
(474, 10, 24),
(475, 11, 24),
(476, 12, 24),
(477, 13, 24),
(478, 14, 24),
(479, 15, 24),
(480, 16, 24),
(481, 17, 24),
(482, 18, 24),
(483, 19, 24),
(484, 20, 24),
(485, 21, 24),
(486, 22, 24),
(487, 1, 25),
(488, 2, 25),
(489, 3, 25),
(490, 4, 25),
(491, 5, 25),
(492, 6, 25),
(493, 7, 25),
(494, 8, 25),
(495, 9, 25),
(496, 10, 25),
(497, 11, 25),
(498, 12, 25),
(499, 13, 25),
(500, 14, 25),
(501, 15, 25),
(502, 16, 25),
(503, 17, 25),
(504, 18, 25),
(505, 19, 25),
(506, 20, 25),
(507, 21, 25),
(508, 22, 25),
(509, 11, 26),
(732, 21, 29),
(731, 20, 29),
(730, 19, 29),
(729, 18, 29),
(728, 17, 29),
(727, 16, 29),
(726, 15, 29),
(725, 14, 29),
(724, 13, 29),
(723, 12, 29),
(722, 11, 29),
(721, 10, 29),
(720, 9, 29),
(719, 8, 29),
(718, 7, 29),
(717, 6, 29),
(716, 5, 29),
(715, 4, 29),
(714, 3, 29),
(713, 2, 29),
(712, 1, 29),
(711, 21, 27),
(710, 21, 28),
(733, 22, 29),
(734, 22, 30),
(735, 14, 31),
(736, 20, 32),
(737, 1, 33),
(738, 2, 33),
(739, 3, 33),
(740, 4, 33),
(741, 5, 33),
(742, 6, 33),
(743, 7, 33),
(744, 8, 33),
(745, 9, 33),
(746, 10, 33),
(747, 11, 33),
(748, 12, 33),
(749, 13, 33),
(750, 14, 33),
(751, 15, 33),
(752, 16, 33),
(753, 17, 33),
(754, 18, 33),
(755, 19, 33),
(756, 20, 33),
(757, 21, 33),
(758, 22, 33),
(759, 1, 34),
(760, 2, 34),
(761, 3, 34),
(762, 4, 34),
(763, 5, 34),
(764, 6, 34),
(765, 7, 34),
(766, 8, 34),
(767, 9, 34),
(768, 10, 34),
(769, 11, 34),
(770, 12, 34),
(771, 13, 34),
(772, 14, 34),
(773, 15, 34),
(774, 16, 34),
(775, 17, 34),
(776, 18, 34),
(777, 19, 34),
(778, 20, 34),
(779, 21, 34),
(780, 22, 34),
(781, 11, 35),
(782, 1, 36),
(783, 2, 36),
(784, 3, 36),
(785, 4, 36),
(786, 5, 36),
(787, 6, 36),
(788, 7, 36),
(789, 8, 36),
(790, 9, 36),
(791, 10, 36),
(792, 11, 36),
(793, 12, 36),
(794, 13, 36),
(795, 14, 36),
(796, 15, 36),
(797, 16, 36),
(798, 17, 36),
(799, 18, 36),
(800, 19, 36),
(801, 20, 36),
(802, 21, 36),
(803, 22, 36),
(804, 1, 37),
(805, 2, 37),
(806, 3, 37),
(807, 4, 37),
(808, 5, 37),
(809, 6, 37),
(810, 7, 37),
(811, 8, 37),
(812, 9, 37),
(813, 10, 37),
(814, 11, 37),
(815, 12, 37),
(816, 13, 37),
(817, 14, 37),
(818, 15, 37),
(819, 16, 37),
(820, 17, 37),
(821, 18, 37),
(822, 19, 37),
(823, 20, 37),
(824, 21, 37),
(825, 22, 37),
(826, 1, 38),
(827, 2, 38),
(828, 3, 38),
(829, 4, 38),
(830, 5, 38),
(831, 6, 38),
(832, 7, 38),
(833, 8, 38),
(834, 9, 38),
(835, 10, 38),
(836, 11, 38),
(837, 12, 38),
(838, 13, 38),
(839, 14, 38),
(840, 15, 38),
(841, 16, 38),
(842, 17, 38),
(843, 18, 38),
(844, 19, 38),
(845, 20, 38),
(846, 21, 38),
(847, 22, 38),
(848, 1, 39),
(849, 2, 39),
(850, 3, 39),
(851, 4, 39),
(852, 5, 39),
(853, 6, 39),
(854, 7, 39),
(855, 8, 39),
(856, 9, 39),
(857, 10, 39),
(858, 11, 39),
(859, 12, 39),
(860, 13, 39),
(861, 14, 39),
(862, 15, 39),
(863, 16, 39),
(864, 17, 39),
(865, 18, 39),
(866, 19, 39),
(867, 20, 39),
(868, 21, 39),
(869, 22, 39),
(870, 1, 40),
(871, 2, 40),
(872, 3, 40),
(873, 4, 40),
(874, 5, 40),
(875, 6, 40),
(876, 7, 40),
(877, 8, 40),
(878, 9, 40),
(879, 10, 40),
(880, 11, 40),
(881, 12, 40),
(882, 13, 40),
(883, 14, 40),
(884, 15, 40),
(885, 16, 40),
(886, 17, 40),
(887, 18, 40),
(888, 19, 40),
(889, 20, 40),
(890, 21, 40),
(891, 22, 40),
(892, 1, 41),
(893, 2, 41),
(894, 3, 41),
(895, 4, 41),
(896, 5, 41),
(897, 6, 41),
(898, 7, 41),
(899, 8, 41),
(900, 9, 41),
(901, 10, 41),
(902, 11, 41),
(903, 12, 41),
(904, 13, 41),
(905, 14, 41),
(906, 15, 41),
(907, 16, 41),
(908, 17, 41),
(909, 18, 41),
(910, 19, 41),
(911, 20, 41),
(912, 21, 41),
(913, 22, 41),
(914, 1, 42),
(915, 2, 42),
(916, 3, 42),
(917, 4, 42),
(918, 5, 42),
(919, 6, 42),
(920, 7, 42),
(921, 8, 42),
(922, 9, 42),
(923, 10, 42),
(924, 11, 42),
(925, 12, 42),
(926, 13, 42),
(927, 14, 42),
(928, 15, 42),
(929, 16, 42),
(930, 17, 42),
(931, 18, 42),
(932, 19, 42),
(933, 20, 42),
(934, 21, 42),
(935, 22, 42),
(936, 1, 43),
(937, 2, 43),
(938, 3, 43),
(939, 4, 43),
(940, 5, 43),
(941, 6, 43),
(942, 7, 43),
(943, 8, 43),
(944, 9, 43),
(945, 10, 43),
(946, 11, 43),
(947, 12, 43),
(948, 13, 43),
(949, 14, 43),
(950, 15, 43),
(951, 16, 43),
(952, 17, 43),
(953, 18, 43),
(954, 19, 43),
(955, 20, 43),
(956, 21, 43),
(957, 22, 43),
(958, 1, 44),
(959, 2, 44),
(960, 3, 44),
(961, 4, 44),
(962, 5, 44),
(963, 6, 44),
(964, 7, 44),
(965, 8, 44),
(966, 9, 44),
(967, 10, 44),
(968, 11, 44),
(969, 12, 44),
(970, 13, 44),
(971, 14, 44),
(972, 15, 44),
(973, 16, 44),
(974, 17, 44),
(975, 18, 44),
(976, 19, 44),
(977, 20, 44),
(978, 21, 44),
(979, 22, 44),
(980, 1, 45),
(981, 2, 45),
(982, 3, 45),
(983, 4, 45),
(984, 5, 45),
(985, 6, 45),
(986, 7, 45),
(987, 8, 45),
(988, 9, 45),
(989, 10, 45),
(990, 11, 45),
(991, 12, 45),
(992, 13, 45),
(993, 14, 45),
(994, 15, 45),
(995, 16, 45),
(996, 17, 45),
(997, 18, 45),
(998, 19, 45),
(999, 20, 45),
(1000, 21, 45),
(1001, 22, 45),
(1002, 1, 46),
(1003, 2, 46),
(1004, 3, 46),
(1005, 4, 46),
(1006, 5, 46),
(1007, 6, 46),
(1008, 7, 46),
(1009, 8, 46),
(1010, 9, 46),
(1011, 10, 46),
(1012, 11, 46),
(1013, 12, 46),
(1014, 13, 46),
(1015, 14, 46),
(1016, 15, 46),
(1017, 16, 46),
(1018, 17, 46),
(1019, 18, 46),
(1020, 19, 46),
(1021, 20, 46),
(1022, 21, 46),
(1023, 22, 46),
(1024, 16, 47),
(1025, 1, 48),
(1026, 2, 48),
(1027, 3, 48),
(1028, 4, 48),
(1029, 5, 48),
(1030, 6, 48),
(1031, 7, 48),
(1032, 8, 48),
(1033, 9, 48),
(1034, 10, 48),
(1035, 11, 48),
(1036, 12, 48),
(1037, 13, 48),
(1038, 14, 48),
(1039, 15, 48),
(1040, 16, 48),
(1041, 17, 48),
(1042, 18, 48),
(1043, 19, 48),
(1044, 20, 48),
(1045, 21, 48),
(1046, 22, 48),
(1112, 22, 49),
(1111, 21, 49),
(1110, 20, 49),
(1109, 19, 49),
(1108, 18, 49),
(1107, 17, 49),
(1106, 16, 49),
(1105, 15, 49),
(1104, 14, 49),
(1103, 13, 49),
(1102, 12, 49),
(1101, 11, 49),
(1100, 10, 49),
(1099, 9, 49),
(1098, 8, 49),
(1097, 7, 49),
(1096, 6, 49),
(1095, 5, 49),
(1094, 4, 49),
(1093, 3, 49),
(1092, 2, 49),
(1091, 1, 49),
(1069, 1, 50),
(1070, 2, 50),
(1071, 3, 50),
(1072, 4, 50),
(1073, 5, 50),
(1074, 6, 50),
(1075, 7, 50),
(1076, 8, 50),
(1077, 9, 50),
(1078, 10, 50),
(1079, 11, 50),
(1080, 12, 50),
(1081, 13, 50),
(1082, 14, 50),
(1083, 15, 50),
(1084, 16, 50),
(1085, 17, 50),
(1086, 18, 50),
(1087, 19, 50),
(1088, 20, 50),
(1089, 21, 50),
(1090, 22, 50),
(1113, 1, 51),
(1114, 2, 51),
(1115, 3, 51),
(1116, 4, 51),
(1117, 5, 51),
(1118, 6, 51),
(1119, 7, 51),
(1120, 8, 51),
(1121, 9, 51),
(1122, 10, 51),
(1123, 11, 51),
(1124, 12, 51),
(1125, 13, 51),
(1126, 14, 51),
(1127, 15, 51),
(1128, 16, 51),
(1129, 17, 51),
(1130, 18, 51),
(1131, 19, 51),
(1132, 20, 51),
(1133, 21, 51),
(1134, 22, 51),
(1135, 1, 52),
(1136, 2, 52),
(1137, 3, 52),
(1138, 4, 52),
(1139, 5, 52),
(1140, 6, 52),
(1141, 7, 52),
(1142, 8, 52),
(1143, 9, 52),
(1144, 10, 52),
(1145, 11, 52),
(1146, 12, 52),
(1147, 13, 52),
(1148, 14, 52),
(1149, 15, 52),
(1150, 16, 52),
(1151, 17, 52),
(1152, 18, 52),
(1153, 19, 52),
(1154, 20, 52),
(1155, 21, 52),
(1156, 22, 52),
(1157, 1, 53),
(1158, 2, 53),
(1159, 3, 53),
(1160, 4, 53),
(1161, 5, 53),
(1162, 6, 53),
(1163, 7, 53),
(1164, 8, 53),
(1165, 9, 53),
(1166, 10, 53),
(1167, 11, 53),
(1168, 12, 53),
(1169, 13, 53),
(1170, 14, 53),
(1171, 15, 53),
(1172, 16, 53),
(1173, 17, 53),
(1174, 18, 53),
(1175, 19, 53),
(1176, 20, 53),
(1177, 21, 53),
(1178, 22, 53),
(1179, 1, 54),
(1180, 2, 54),
(1181, 3, 54),
(1182, 4, 54),
(1183, 5, 54),
(1184, 6, 54),
(1185, 7, 54),
(1186, 8, 54),
(1187, 9, 54),
(1188, 10, 54),
(1189, 11, 54),
(1190, 12, 54),
(1191, 13, 54),
(1192, 14, 54),
(1193, 15, 54),
(1194, 16, 54),
(1195, 17, 54),
(1196, 18, 54),
(1197, 19, 54),
(1198, 20, 54),
(1199, 21, 54),
(1200, 22, 54),
(1201, 1, 55),
(1202, 2, 55),
(1203, 3, 55),
(1204, 4, 55),
(1205, 5, 55),
(1206, 6, 55),
(1207, 7, 55),
(1208, 8, 55),
(1209, 9, 55),
(1210, 10, 55),
(1211, 11, 55),
(1212, 12, 55),
(1213, 13, 55),
(1214, 14, 55),
(1215, 15, 55),
(1216, 16, 55),
(1217, 17, 55),
(1218, 18, 55),
(1219, 19, 55),
(1220, 20, 55),
(1221, 21, 55),
(1222, 22, 55),
(1223, 1, 56),
(1224, 2, 56),
(1225, 3, 56),
(1226, 4, 56),
(1227, 5, 56),
(1228, 6, 56),
(1229, 7, 56),
(1230, 8, 56),
(1231, 9, 56),
(1232, 10, 56),
(1233, 11, 56),
(1234, 12, 56),
(1235, 13, 56),
(1236, 14, 56),
(1237, 15, 56),
(1238, 16, 56),
(1239, 17, 56),
(1240, 18, 56),
(1241, 19, 56),
(1242, 20, 56),
(1243, 21, 56),
(1244, 22, 56),
(1245, 1, 57),
(1246, 2, 57),
(1247, 3, 57),
(1248, 4, 57),
(1249, 5, 57),
(1250, 6, 57),
(1251, 7, 57),
(1252, 8, 57),
(1253, 9, 57),
(1254, 10, 57),
(1255, 11, 57),
(1256, 12, 57),
(1257, 13, 57),
(1258, 14, 57),
(1259, 15, 57),
(1260, 16, 57),
(1261, 17, 57),
(1262, 18, 57),
(1263, 19, 57),
(1264, 20, 57),
(1265, 21, 57),
(1266, 22, 57),
(1267, 1, 58),
(1268, 2, 58),
(1269, 3, 58),
(1270, 4, 58),
(1271, 5, 58),
(1272, 6, 58),
(1273, 7, 58),
(1274, 8, 58),
(1275, 9, 58),
(1276, 10, 58),
(1277, 11, 58),
(1278, 12, 58),
(1279, 13, 58),
(1280, 14, 58),
(1281, 15, 58),
(1282, 16, 58),
(1283, 17, 58),
(1284, 18, 58),
(1285, 19, 58),
(1286, 20, 58),
(1287, 21, 58),
(1288, 22, 58),
(1289, 1, 59),
(1290, 2, 59),
(1291, 3, 59),
(1292, 4, 59),
(1293, 5, 59),
(1294, 6, 59),
(1295, 7, 59),
(1296, 8, 59),
(1297, 9, 59),
(1298, 10, 59),
(1299, 11, 59),
(1300, 12, 59),
(1301, 13, 59),
(1302, 14, 59),
(1303, 15, 59),
(1304, 16, 59),
(1305, 17, 59),
(1306, 18, 59),
(1307, 19, 59),
(1308, 20, 59),
(1309, 21, 59),
(1310, 22, 59),
(1311, 1, 60),
(1312, 2, 60),
(1313, 3, 60),
(1314, 4, 60),
(1315, 5, 60),
(1316, 6, 60),
(1317, 7, 60),
(1318, 8, 60),
(1319, 9, 60),
(1320, 10, 60),
(1321, 11, 60),
(1322, 12, 60),
(1323, 13, 60),
(1324, 14, 60),
(1325, 15, 60),
(1326, 16, 60),
(1327, 17, 60),
(1328, 18, 60),
(1329, 19, 60),
(1330, 20, 60),
(1331, 21, 60),
(1332, 22, 60),
(1333, 1, 61),
(1334, 2, 61),
(1335, 3, 61),
(1336, 4, 61),
(1337, 5, 61),
(1338, 6, 61),
(1339, 7, 61),
(1340, 8, 61),
(1341, 9, 61),
(1342, 10, 61),
(1343, 11, 61),
(1344, 12, 61),
(1345, 13, 61),
(1346, 14, 61),
(1347, 15, 61),
(1348, 16, 61),
(1349, 17, 61),
(1350, 18, 61),
(1351, 19, 61),
(1352, 20, 61),
(1353, 21, 61),
(1354, 22, 61),
(1355, 1, 62),
(1356, 2, 62),
(1357, 3, 62),
(1358, 4, 62),
(1359, 5, 62),
(1360, 6, 62),
(1361, 7, 62),
(1362, 8, 62),
(1363, 9, 62),
(1364, 10, 62),
(1365, 11, 62),
(1366, 12, 62),
(1367, 13, 62),
(1368, 14, 62),
(1369, 15, 62),
(1370, 16, 62),
(1371, 17, 62),
(1372, 18, 62),
(1373, 19, 62),
(1374, 20, 62),
(1375, 21, 62),
(1376, 22, 62),
(1377, 1, 63),
(1378, 2, 63),
(1379, 3, 63),
(1380, 4, 63),
(1381, 5, 63),
(1382, 6, 63),
(1383, 7, 63),
(1384, 8, 63),
(1385, 9, 63),
(1386, 10, 63),
(1387, 11, 63),
(1388, 12, 63),
(1389, 13, 63),
(1390, 14, 63),
(1391, 15, 63),
(1392, 16, 63),
(1393, 17, 63),
(1394, 18, 63),
(1395, 19, 63),
(1396, 20, 63),
(1397, 21, 63),
(1398, 22, 63),
(1399, 1, 64),
(1400, 2, 64),
(1401, 3, 64),
(1402, 4, 64),
(1403, 5, 64),
(1404, 6, 64),
(1405, 7, 64),
(1406, 8, 64),
(1407, 9, 64),
(1408, 10, 64),
(1409, 11, 64),
(1410, 12, 64),
(1411, 13, 64),
(1412, 14, 64),
(1413, 15, 64),
(1414, 16, 64),
(1415, 17, 64),
(1416, 18, 64),
(1417, 19, 64),
(1418, 20, 64),
(1419, 21, 64),
(1420, 22, 64),
(1421, 6, 65),
(1422, 1, 66),
(1423, 2, 66),
(1424, 3, 66),
(1425, 4, 66),
(1426, 5, 66),
(1427, 6, 66),
(1428, 7, 66),
(1429, 8, 66),
(1430, 9, 66),
(1431, 10, 66),
(1432, 11, 66),
(1433, 12, 66),
(1434, 13, 66),
(1435, 14, 66),
(1436, 15, 66),
(1437, 16, 66),
(1438, 17, 66),
(1439, 18, 66),
(1440, 19, 66),
(1441, 20, 66),
(1442, 21, 66),
(1443, 22, 66),
(1444, 1, 67),
(1445, 2, 67),
(1446, 3, 67),
(1447, 4, 67),
(1448, 5, 67),
(1449, 6, 67),
(1450, 7, 67),
(1451, 8, 67),
(1452, 9, 67),
(1453, 10, 67),
(1454, 11, 67),
(1455, 12, 67),
(1456, 13, 67),
(1457, 14, 67),
(1458, 15, 67),
(1459, 16, 67),
(1460, 17, 67),
(1461, 18, 67),
(1462, 19, 67),
(1463, 20, 67),
(1464, 21, 67),
(1465, 22, 67),
(1466, 1, 68),
(1467, 2, 68),
(1468, 3, 68),
(1469, 4, 68),
(1470, 5, 68),
(1471, 6, 68),
(1472, 7, 68),
(1473, 8, 68),
(1474, 9, 68),
(1475, 10, 68),
(1476, 11, 68),
(1477, 12, 68),
(1478, 13, 68),
(1479, 14, 68),
(1480, 15, 68),
(1481, 16, 68),
(1482, 17, 68),
(1483, 18, 68),
(1484, 19, 68),
(1485, 20, 68),
(1486, 21, 68),
(1487, 22, 68),
(1488, 1, 69),
(1489, 2, 69),
(1490, 3, 69),
(1491, 4, 69),
(1492, 5, 69),
(1493, 6, 69),
(1494, 7, 69),
(1495, 8, 69),
(1496, 9, 69),
(1497, 10, 69),
(1498, 11, 69),
(1499, 12, 69),
(1500, 13, 69),
(1501, 14, 69),
(1502, 15, 69),
(1503, 16, 69),
(1504, 17, 69),
(1505, 18, 69),
(1506, 19, 69),
(1507, 20, 69),
(1508, 21, 69),
(1509, 22, 69);

-- --------------------------------------------------------

--
-- Struktura tabeli dla  `usr`
--

CREATE TABLE `usr` (
  `USR_ID` int(11) NOT NULL auto_increment,
  `USR_NAME` varchar(16) NOT NULL default '',
  `USR_PASS` varchar(16) NOT NULL default '',
  `USR_FIRSTNAME` varchar(100) NOT NULL default '',
  `USR_LASTNAME` varchar(100) NOT NULL default '',
  `USR_EMAIL` varchar(100) NOT NULL default '',
  PRIMARY KEY  (`USR_ID`),
  UNIQUE KEY `USR_NAZWA` (`USR_NAME`),
  UNIQUE KEY `USR_EMAIL` (`USR_EMAIL`)
) ENGINE=MyISAM  DEFAULT CHARSET=latin2 COMMENT='users' AUTO_INCREMENT=16 ;

--
-- Zrzut danych tabeli `usr`
--

INSERT INTO `usr` (`USR_ID`, `USR_NAME`, `USR_PASS`, `USR_FIRSTNAME`, `USR_LASTNAME`, `USR_EMAIL`) VALUES
(1, 'admin', 'haslo', 'Izabela', 'Szczepanik', 'izabela.szczepanik@gazeta.pl'),
(13, 'Agata', 'haslo', 'Agata', 'Hofelmajer', 'agata@bonafides.pl'),
(14, 'radny1', 'haslo', 'Jakis', 'Radny', 'jakis.radny@kato.pl'),
(15, 'grzegorz', 'haslo', 'Grzegorz', 'Wójkowski', 'grzegorz@bonafides.pl');

-- --------------------------------------------------------

--
-- Struktura tabeli dla  `vot`
--

CREATE TABLE `vot` (
  `VOT_ID` int(11) NOT NULL auto_increment,
  `VOT_RDN_ID` int(11) NOT NULL,
  `VOT_UCH_ID` int(11) NOT NULL,
  `VOT_VOTE` int(11) NOT NULL,
  `VOT_REASON` text collate utf8_bin,
  PRIMARY KEY  (`VOT_ID`),
  KEY `VOT_RDN_ID` (`VOT_RDN_ID`)
) ENGINE=MyISAM  DEFAULT CHARSET=utf8 COLLATE=utf8_bin AUTO_INCREMENT=1961 ;

--
-- Zrzut danych tabeli `vot`
--

INSERT INTO `vot` (`VOT_ID`, `VOT_RDN_ID`, `VOT_UCH_ID`, `VOT_VOTE`, `VOT_REASON`) VALUES
(169, 1, 6, 1, NULL),
(170, 2, 6, 1, NULL),
(171, 3, 6, 1, NULL),
(172, 4, 6, 1, NULL),
(173, 5, 6, 1, NULL),
(174, 6, 6, 1, NULL),
(175, 7, 6, 1, NULL),
(176, 8, 6, -1, NULL),
(177, 9, 6, -1, NULL),
(178, 10, 6, -1, NULL),
(179, 11, 6, -1, NULL),
(180, 12, 6, -1, NULL),
(181, 13, 6, -1, NULL),
(182, 14, 6, -1, NULL),
(183, 15, 6, 0, NULL),
(184, 16, 6, 0, NULL),
(185, 17, 6, 0, NULL),
(186, 18, 6, 0, NULL),
(187, 19, 6, 0, NULL),
(188, 20, 6, 0, NULL),
(189, 21, 6, 0, NULL),
(190, 22, 6, -1, NULL),
(191, 23, 6, -1, NULL),
(192, 24, 6, -1, NULL),
(193, 25, 6, 1, NULL),
(194, 26, 6, 1, NULL),
(195, 27, 6, 1, NULL),
(196, 28, 6, 0, NULL),
(197, 1, 7, 1, NULL),
(198, 2, 7, 1, NULL),
(199, 3, 7, 1, NULL),
(200, 4, 7, 1, NULL),
(201, 5, 7, 1, NULL),
(202, 6, 7, 2, NULL),
(203, 7, 7, 1, NULL),
(204, 8, 7, 2, NULL),
(205, 9, 7, 1, NULL),
(206, 10, 7, 1, NULL),
(207, 11, 7, 1, NULL),
(208, 12, 7, 0, NULL),
(209, 13, 7, 1, NULL),
(210, 14, 7, 2, NULL),
(211, 15, 7, 1, NULL),
(212, 16, 7, 1, NULL),
(213, 17, 7, 1, NULL),
(214, 18, 7, 2, NULL),
(215, 19, 7, 0, NULL),
(216, 20, 7, 1, NULL),
(217, 21, 7, 1, NULL),
(218, 22, 7, 1, NULL),
(219, 23, 7, 1, NULL),
(220, 24, 7, 1, NULL),
(221, 25, 7, 1, NULL),
(222, 26, 7, 1, NULL),
(223, 27, 7, 1, NULL),
(224, 28, 7, 1, NULL),
(225, 1, 8, 1, NULL),
(226, 2, 8, 1, NULL),
(227, 3, 8, 1, NULL),
(228, 4, 8, 1, NULL),
(229, 5, 8, 1, NULL),
(230, 6, 8, 2, NULL),
(231, 7, 8, 1, NULL),
(232, 8, 8, 2, NULL),
(233, 9, 8, 1, NULL),
(234, 10, 8, 1, NULL),
(235, 11, 8, 1, NULL),
(236, 12, 8, 1, NULL),
(237, 13, 8, 1, NULL),
(238, 14, 8, 1, NULL),
(239, 15, 8, 2, NULL),
(240, 16, 8, 1, NULL),
(241, 17, 8, 1, NULL),
(242, 18, 8, 1, NULL),
(243, 19, 8, 2, NULL),
(244, 20, 8, 1, NULL),
(245, 21, 8, 1, NULL),
(246, 22, 8, 1, NULL),
(247, 23, 8, 1, NULL),
(248, 24, 8, 1, NULL),
(249, 25, 8, 1, NULL),
(250, 26, 8, 1, NULL),
(251, 27, 8, 1, NULL),
(252, 28, 8, 1, NULL),
(253, 1, 9, 1, NULL),
(254, 2, 9, -1, NULL),
(255, 3, 9, 1, NULL),
(256, 4, 9, 1, NULL),
(257, 5, 9, 1, NULL),
(258, 6, 9, 1, NULL),
(259, 7, 9, 1, NULL),
(260, 8, 9, 2, NULL),
(261, 9, 9, 1, NULL),
(262, 10, 9, 1, NULL),
(263, 11, 9, 1, NULL),
(264, 12, 9, 1, NULL),
(265, 13, 9, 1, NULL),
(266, 14, 9, 1, NULL),
(267, 15, 9, 1, NULL),
(268, 16, 9, 1, NULL),
(269, 17, 9, 2, NULL),
(270, 18, 9, 1, NULL),
(271, 19, 9, 1, NULL),
(272, 20, 9, 2, NULL),
(273, 21, 9, 1, NULL),
(274, 22, 9, 1, NULL),
(275, 23, 9, 1, NULL),
(276, 24, 9, 1, NULL),
(277, 25, 9, 1, NULL),
(278, 26, 9, 1, NULL),
(279, 27, 9, 1, NULL),
(280, 28, 9, 2, NULL),
(281, 1, 10, 2, NULL),
(282, 2, 10, 1, NULL),
(283, 3, 10, 1, NULL),
(284, 4, 10, 2, NULL),
(285, 5, 10, 1, NULL),
(286, 6, 10, 2, NULL),
(287, 7, 10, 1, NULL),
(288, 8, 10, 2, NULL),
(289, 9, 10, 1, NULL),
(290, 10, 10, 1, NULL),
(291, 11, 10, 1, NULL),
(292, 12, 10, 2, NULL),
(293, 13, 10, 1, NULL),
(294, 14, 10, 1, NULL),
(295, 15, 10, 1, NULL),
(296, 16, 10, 1, NULL),
(297, 17, 10, 1, NULL),
(298, 18, 10, 1, NULL),
(299, 19, 10, 2, NULL),
(300, 20, 10, 1, NULL),
(301, 21, 10, 1, NULL),
(302, 22, 10, 1, NULL),
(303, 23, 10, 1, NULL),
(304, 24, 10, 1, NULL),
(305, 25, 10, 1, NULL),
(306, 26, 10, 1, NULL),
(307, 27, 10, 1, NULL),
(308, 28, 10, 1, NULL),
(309, 1, 11, 2, NULL),
(310, 2, 11, 1, NULL),
(311, 3, 11, 1, NULL),
(312, 4, 11, 2, NULL),
(313, 5, 11, 1, NULL),
(314, 6, 11, 2, NULL),
(315, 7, 11, 1, NULL),
(316, 8, 11, 2, NULL),
(317, 9, 11, 1, NULL),
(318, 10, 11, 1, NULL),
(319, 11, 11, 1, NULL),
(320, 12, 11, 2, NULL),
(321, 13, 11, 1, NULL),
(322, 14, 11, 1, NULL),
(323, 15, 11, 1, NULL),
(324, 16, 11, 1, NULL),
(325, 17, 11, 1, NULL),
(326, 18, 11, 2, NULL),
(327, 19, 11, 2, NULL),
(328, 20, 11, 1, NULL),
(329, 21, 11, 1, NULL),
(330, 22, 11, 1, NULL),
(331, 23, 11, 1, NULL),
(332, 24, 11, 1, NULL),
(333, 25, 11, 1, NULL),
(334, 26, 11, 1, NULL),
(335, 27, 11, 2, NULL),
(336, 28, 11, 2, NULL),
(337, 1, 12, 2, NULL),
(338, 2, 12, 2, NULL),
(339, 3, 12, 2, NULL),
(340, 4, 12, 2, NULL),
(341, 5, 12, 2, NULL),
(342, 6, 12, 2, NULL),
(343, 7, 12, 2, NULL),
(344, 8, 12, 2, NULL),
(345, 9, 12, 2, NULL),
(346, 10, 12, 2, NULL),
(347, 11, 12, 2, NULL),
(348, 12, 12, 2, NULL),
(349, 13, 12, 2, NULL),
(350, 14, 12, 2, NULL),
(351, 15, 12, 2, NULL),
(352, 16, 12, 2, NULL),
(353, 17, 12, 2, NULL),
(354, 18, 12, 2, NULL),
(355, 19, 12, 2, NULL),
(356, 20, 12, 2, NULL),
(357, 21, 12, 2, NULL),
(358, 22, 12, 2, NULL),
(359, 23, 12, 2, NULL),
(360, 24, 12, 2, NULL),
(361, 25, 12, 2, NULL),
(362, 26, 12, 2, NULL),
(363, 27, 12, 2, NULL),
(364, 28, 12, 2, NULL),
(365, 1, 13, 2, NULL),
(366, 2, 13, 2, NULL),
(367, 3, 13, 2, NULL),
(368, 4, 13, 2, NULL),
(369, 5, 13, 2, NULL),
(370, 6, 13, 2, NULL),
(371, 7, 13, 2, NULL),
(372, 8, 13, 2, NULL),
(373, 9, 13, 2, NULL),
(374, 10, 13, 2, NULL),
(375, 11, 13, 2, NULL),
(376, 12, 13, 2, NULL),
(377, 13, 13, 2, NULL),
(378, 14, 13, 2, NULL),
(379, 15, 13, 2, NULL),
(380, 16, 13, 2, NULL),
(381, 17, 13, 2, NULL),
(382, 18, 13, 2, NULL),
(383, 19, 13, 2, NULL),
(384, 20, 13, 2, NULL),
(385, 21, 13, 2, NULL),
(386, 22, 13, 2, NULL),
(387, 23, 13, 2, NULL),
(388, 24, 13, 2, NULL),
(389, 25, 13, 2, NULL),
(390, 26, 13, 2, NULL),
(391, 27, 13, 2, NULL),
(392, 28, 13, 2, NULL),
(393, 1, 14, 1, NULL),
(394, 2, 14, 1, NULL),
(395, 3, 14, 1, NULL),
(396, 4, 14, 1, NULL),
(397, 5, 14, 2, NULL),
(398, 6, 14, 2, NULL),
(399, 7, 14, 2, NULL),
(400, 8, 14, 1, NULL),
(401, 9, 14, 2, NULL),
(402, 10, 14, 1, NULL),
(403, 11, 14, 1, NULL),
(404, 12, 14, 1, NULL),
(405, 13, 14, 1, NULL),
(406, 14, 14, 1, NULL),
(407, 15, 14, 2, NULL),
(408, 16, 14, 1, NULL),
(409, 17, 14, 1, NULL),
(410, 18, 14, 1, NULL),
(411, 19, 14, 1, NULL),
(412, 20, 14, 1, NULL),
(413, 21, 14, 1, NULL),
(414, 22, 14, 1, NULL),
(415, 23, 14, 2, NULL),
(416, 24, 14, 2, NULL),
(417, 25, 14, 1, NULL),
(418, 26, 14, 1, NULL),
(419, 27, 14, 1, NULL),
(420, 28, 14, 2, NULL),
(421, 1, 15, 1, NULL),
(422, 2, 15, 1, NULL),
(423, 3, 15, 1, NULL),
(424, 4, 15, 1, NULL),
(425, 5, 15, 2, NULL),
(426, 6, 15, 2, NULL),
(427, 7, 15, 2, NULL),
(428, 8, 15, 1, NULL),
(429, 9, 15, 2, NULL),
(430, 10, 15, 1, NULL),
(431, 11, 15, 1, NULL),
(432, 12, 15, 1, NULL),
(433, 13, 15, 1, NULL),
(434, 14, 15, 1, NULL),
(435, 15, 15, 2, NULL),
(436, 16, 15, 1, NULL),
(437, 17, 15, 1, NULL),
(438, 18, 15, 1, NULL),
(439, 19, 15, 1, NULL),
(440, 20, 15, 1, NULL),
(441, 21, 15, 1, NULL),
(442, 22, 15, 1, NULL),
(443, 23, 15, 2, NULL),
(444, 24, 15, 2, NULL),
(445, 25, 15, 1, NULL),
(446, 26, 15, 1, NULL),
(447, 27, 15, 1, NULL),
(448, 28, 15, 1, NULL),
(449, 1, 16, 1, NULL),
(450, 2, 16, 1, NULL),
(451, 3, 16, 1, NULL),
(452, 4, 16, 1, NULL),
(453, 5, 16, 1, NULL),
(454, 6, 16, 1, NULL),
(455, 7, 16, 1, NULL),
(456, 8, 16, 1, NULL),
(457, 9, 16, 1, NULL),
(458, 10, 16, 1, NULL),
(459, 11, 16, 1, NULL),
(460, 12, 16, 1, NULL),
(461, 13, 16, 1, NULL),
(462, 14, 16, 0, NULL),
(463, 15, 16, 2, NULL),
(464, 16, 16, 1, NULL),
(465, 17, 16, 1, NULL),
(466, 18, 16, 1, NULL),
(467, 19, 16, 1, NULL),
(468, 20, 16, 1, NULL),
(469, 21, 16, 1, NULL),
(470, 22, 16, 1, NULL),
(471, 23, 16, 1, NULL),
(472, 24, 16, -1, NULL),
(473, 25, 16, 1, NULL),
(474, 26, 16, 1, NULL),
(475, 27, 16, 1, NULL),
(476, 28, 16, 1, NULL),
(477, 1, 17, 1, NULL),
(478, 2, 17, 1, NULL),
(479, 3, 17, 1, NULL),
(480, 4, 17, 1, NULL),
(481, 5, 17, 1, NULL),
(482, 6, 17, 2, NULL),
(483, 7, 17, 1, NULL),
(484, 8, 17, 1, NULL),
(485, 9, 17, 1, NULL),
(486, 10, 17, 1, NULL),
(487, 11, 17, 1, NULL),
(488, 12, 17, 1, NULL),
(489, 13, 17, 1, NULL),
(490, 14, 17, 1, NULL),
(491, 15, 17, 1, NULL),
(492, 16, 17, 1, NULL),
(493, 17, 17, 1, NULL),
(494, 18, 17, 2, NULL),
(495, 19, 17, 0, NULL),
(496, 20, 17, 1, NULL),
(497, 21, 17, 1, NULL),
(498, 22, 17, 1, NULL),
(499, 23, 17, 1, NULL),
(500, 24, 17, 2, NULL),
(501, 25, 17, 2, NULL),
(502, 26, 17, 1, NULL),
(503, 27, 17, 1, NULL),
(504, 28, 17, 2, NULL),
(505, 1, 18, 1, NULL),
(506, 2, 18, 1, NULL),
(507, 3, 18, 1, NULL),
(508, 4, 18, 2, NULL),
(509, 5, 18, 1, NULL),
(510, 6, 18, 2, NULL),
(511, 7, 18, 1, NULL),
(512, 8, 18, 1, NULL),
(513, 9, 18, 1, NULL),
(514, 10, 18, 1, NULL),
(515, 11, 18, 1, NULL),
(516, 12, 18, 1, NULL),
(517, 13, 18, 2, NULL),
(518, 14, 18, 1, NULL),
(519, 15, 18, 1, NULL),
(520, 16, 18, 1, NULL),
(521, 17, 18, 1, NULL),
(522, 18, 18, 1, NULL),
(523, 19, 18, 1, NULL),
(524, 20, 18, 2, NULL),
(525, 21, 18, 1, NULL),
(526, 22, 18, 1, NULL),
(527, 23, 18, 1, NULL),
(528, 24, 18, 2, NULL),
(529, 25, 18, 2, NULL),
(530, 26, 18, 1, NULL),
(531, 27, 18, 1, NULL),
(532, 28, 18, 1, NULL),
(533, 1, 19, 2, NULL),
(534, 2, 19, 2, NULL),
(535, 3, 19, 2, NULL),
(536, 4, 19, 2, NULL),
(537, 5, 19, 2, NULL),
(538, 6, 19, 2, NULL),
(539, 7, 19, 2, NULL),
(540, 8, 19, 2, NULL),
(541, 9, 19, 2, NULL),
(542, 10, 19, 2, NULL),
(543, 11, 19, 2, NULL),
(544, 12, 19, 2, NULL),
(545, 13, 19, 2, NULL),
(546, 14, 19, 2, NULL),
(547, 15, 19, 2, NULL),
(548, 16, 19, 2, NULL),
(549, 17, 19, 2, NULL),
(550, 18, 19, 2, NULL),
(551, 19, 19, 2, NULL),
(552, 20, 19, 2, NULL),
(553, 21, 19, 2, NULL),
(554, 22, 19, 2, NULL),
(555, 23, 19, 2, NULL),
(556, 24, 19, 2, NULL),
(557, 25, 19, 2, NULL),
(558, 26, 19, 2, NULL),
(559, 27, 19, 2, NULL),
(560, 28, 19, 2, NULL),
(561, 1, 20, 1, NULL),
(562, 2, 20, 1, NULL),
(563, 3, 20, 1, NULL),
(564, 4, 20, 1, NULL),
(565, 5, 20, 1, NULL),
(566, 6, 20, 1, NULL),
(567, 7, 20, 1, NULL),
(568, 8, 20, 1, NULL),
(569, 9, 20, 2, NULL),
(570, 10, 20, 1, NULL),
(571, 11, 20, 1, NULL),
(572, 12, 20, 1, NULL),
(573, 13, 20, 1, NULL),
(574, 14, 20, 1, NULL),
(575, 15, 20, 1, NULL),
(576, 16, 20, 1, NULL),
(577, 17, 20, 2, NULL),
(578, 18, 20, 2, NULL),
(579, 19, 20, 2, NULL),
(580, 20, 20, 1, NULL),
(581, 21, 20, 1, NULL),
(582, 22, 20, 1, NULL),
(583, 23, 20, 1, NULL),
(584, 24, 20, 1, NULL),
(585, 25, 20, 1, NULL),
(586, 26, 20, 2, NULL),
(587, 27, 20, 1, NULL),
(588, 28, 20, 1, NULL),
(589, 1, 21, 1, NULL),
(590, 2, 21, 1, NULL),
(591, 3, 21, 1, NULL),
(592, 4, 21, 1, NULL),
(593, 5, 21, 2, NULL),
(594, 6, 21, 1, NULL),
(595, 7, 21, 1, NULL),
(596, 8, 21, 1, NULL),
(597, 9, 21, 2, NULL),
(598, 10, 21, 2, NULL),
(599, 11, 21, 1, NULL),
(600, 12, 21, 1, NULL),
(601, 13, 21, 1, NULL),
(602, 14, 21, 1, NULL),
(603, 15, 21, 1, NULL),
(604, 16, 21, 1, NULL),
(605, 17, 21, 2, NULL),
(606, 18, 21, 1, NULL),
(607, 19, 21, 1, NULL),
(608, 20, 21, 1, NULL),
(609, 21, 21, 1, NULL),
(610, 22, 21, 1, NULL),
(611, 23, 21, 1, NULL),
(612, 24, 21, 2, NULL),
(613, 25, 21, 1, NULL),
(614, 26, 21, 1, NULL),
(615, 27, 21, 1, NULL),
(616, 28, 21, 1, NULL),
(617, 1, 22, 1, NULL),
(618, 2, 22, 1, NULL),
(619, 3, 22, 1, NULL),
(620, 4, 22, 1, NULL),
(621, 5, 22, 1, NULL),
(622, 6, 22, 2, NULL),
(623, 7, 22, 1, NULL),
(624, 8, 22, 1, NULL),
(625, 9, 22, 1, NULL),
(626, 10, 22, 1, NULL),
(627, 11, 22, 1, NULL),
(628, 12, 22, 1, NULL),
(629, 13, 22, 1, NULL),
(630, 14, 22, 1, NULL),
(631, 15, 22, 1, NULL),
(632, 16, 22, 1, NULL),
(633, 17, 22, 1, NULL),
(634, 18, 22, 2, NULL),
(635, 19, 22, 1, NULL),
(636, 20, 22, 1, NULL),
(637, 21, 22, 1, NULL),
(638, 22, 22, 1, NULL),
(639, 23, 22, 1, NULL),
(640, 24, 22, 1, NULL),
(641, 25, 22, 1, NULL),
(642, 26, 22, 1, NULL),
(643, 27, 22, 1, NULL),
(644, 28, 22, 1, NULL),
(645, 1, 23, 1, NULL),
(646, 2, 23, 1, NULL),
(647, 3, 23, 1, NULL),
(648, 4, 23, 1, NULL),
(649, 5, 23, 2, NULL),
(650, 6, 23, 1, NULL),
(651, 7, 23, 1, NULL),
(652, 8, 23, 1, NULL),
(653, 9, 23, 1, NULL),
(654, 10, 23, 1, NULL),
(655, 11, 23, 1, NULL),
(656, 12, 23, 1, NULL),
(657, 13, 23, 1, NULL),
(658, 14, 23, 1, NULL),
(659, 15, 23, 1, NULL),
(660, 16, 23, 2, NULL),
(661, 17, 23, 1, NULL),
(662, 18, 23, 2, NULL),
(663, 19, 23, 2, NULL),
(664, 20, 23, 1, NULL),
(665, 21, 23, 1, NULL),
(666, 22, 23, 1, NULL),
(667, 23, 23, 1, NULL),
(668, 24, 23, 2, NULL),
(669, 25, 23, 2, NULL),
(670, 26, 23, 1, NULL),
(671, 27, 23, 1, NULL),
(672, 28, 23, 1, NULL),
(673, 1, 24, 2, NULL),
(674, 2, 24, 2, NULL),
(675, 3, 24, 2, NULL),
(676, 4, 24, 2, NULL),
(677, 5, 24, 2, NULL),
(678, 6, 24, 2, NULL),
(679, 7, 24, 2, NULL),
(680, 8, 24, 2, NULL),
(681, 9, 24, 2, NULL),
(682, 10, 24, 2, NULL),
(683, 11, 24, 2, NULL),
(684, 12, 24, 2, NULL),
(685, 13, 24, 2, NULL),
(686, 14, 24, 2, NULL),
(687, 15, 24, 2, NULL),
(688, 16, 24, 2, NULL),
(689, 17, 24, 2, NULL),
(690, 18, 24, 2, NULL),
(691, 19, 24, 2, NULL),
(692, 20, 24, 2, NULL),
(693, 21, 24, 2, NULL),
(694, 22, 24, 2, NULL),
(695, 23, 24, 2, NULL),
(696, 24, 24, 2, NULL),
(697, 25, 24, 2, NULL),
(698, 26, 24, 2, NULL),
(699, 27, 24, 2, NULL),
(700, 28, 24, 2, NULL),
(701, 1, 25, 2, NULL),
(702, 2, 25, 2, NULL),
(703, 3, 25, 2, NULL),
(704, 4, 25, 2, NULL),
(705, 5, 25, 2, NULL),
(706, 6, 25, 2, NULL),
(707, 7, 25, 2, NULL),
(708, 8, 25, 2, NULL),
(709, 9, 25, 2, NULL),
(710, 10, 25, 2, NULL),
(711, 11, 25, 2, NULL),
(712, 12, 25, 2, NULL),
(713, 13, 25, 2, NULL),
(714, 14, 25, 2, NULL),
(715, 15, 25, 2, NULL),
(716, 16, 25, 2, NULL),
(717, 17, 25, 2, NULL),
(718, 18, 25, 2, NULL),
(719, 19, 25, 2, NULL),
(720, 20, 25, 2, NULL),
(721, 21, 25, 2, NULL),
(722, 22, 25, 2, NULL),
(723, 23, 25, 2, NULL),
(724, 24, 25, 2, NULL),
(725, 25, 25, 2, NULL),
(726, 26, 25, 2, NULL),
(727, 27, 25, 2, NULL),
(728, 28, 25, 2, NULL),
(729, 1, 26, 2, NULL),
(730, 2, 26, 1, NULL),
(731, 3, 26, 1, NULL),
(732, 4, 26, 1, NULL),
(733, 5, 26, 1, NULL),
(734, 6, 26, 1, NULL),
(735, 7, 26, 1, NULL),
(736, 8, 26, 1, NULL),
(737, 9, 26, 1, NULL),
(738, 10, 26, 1, NULL),
(739, 11, 26, 1, NULL),
(740, 12, 26, 1, NULL),
(741, 13, 26, 1, NULL),
(742, 14, 26, 1, NULL),
(743, 15, 26, 1, NULL),
(744, 16, 26, 1, NULL),
(745, 17, 26, 1, NULL),
(746, 18, 26, 1, NULL),
(747, 19, 26, 1, NULL),
(748, 20, 26, 1, NULL),
(749, 21, 26, 1, NULL),
(750, 22, 26, 1, NULL),
(751, 23, 26, 2, NULL),
(752, 24, 26, 1, NULL),
(753, 25, 26, 1, NULL),
(754, 26, 26, 1, NULL),
(755, 27, 26, 1, NULL),
(756, 28, 26, 1, NULL),
(757, 1, 27, 2, NULL),
(758, 2, 27, 2, NULL),
(759, 3, 27, 2, NULL),
(760, 4, 27, 2, NULL),
(761, 5, 27, 2, NULL),
(762, 6, 27, 2, NULL),
(763, 7, 27, 2, NULL),
(764, 8, 27, 2, NULL),
(765, 9, 27, 2, NULL),
(766, 10, 27, 2, NULL),
(767, 11, 27, 2, NULL),
(768, 12, 27, 2, NULL),
(769, 13, 27, 2, NULL),
(770, 14, 27, 2, NULL),
(771, 15, 27, 2, NULL),
(772, 16, 27, 2, NULL),
(773, 17, 27, 2, NULL),
(774, 18, 27, 2, NULL),
(775, 19, 27, 2, NULL),
(776, 20, 27, 2, NULL),
(777, 21, 27, 2, NULL),
(778, 22, 27, 2, NULL),
(779, 23, 27, 2, NULL),
(780, 24, 27, 2, NULL),
(781, 25, 27, 2, NULL),
(782, 26, 27, 2, NULL),
(783, 27, 27, 2, NULL),
(784, 28, 27, 2, NULL),
(785, 1, 28, 2, NULL),
(786, 2, 28, 2, NULL),
(787, 3, 28, 2, NULL),
(788, 4, 28, 2, NULL),
(789, 5, 28, 2, NULL),
(790, 6, 28, 2, NULL),
(791, 7, 28, 2, NULL),
(792, 8, 28, 2, NULL),
(793, 9, 28, 2, NULL),
(794, 10, 28, 2, NULL),
(795, 11, 28, 2, NULL),
(796, 12, 28, 2, NULL),
(797, 13, 28, 2, NULL),
(798, 14, 28, 2, NULL),
(799, 15, 28, 2, NULL),
(800, 16, 28, 2, NULL),
(801, 17, 28, 2, NULL),
(802, 18, 28, 2, NULL),
(803, 19, 28, 2, NULL),
(804, 20, 28, 2, NULL),
(805, 21, 28, 2, NULL),
(806, 22, 28, 2, NULL),
(807, 23, 28, 2, NULL),
(808, 24, 28, 2, NULL),
(809, 25, 28, 2, NULL),
(810, 26, 28, 2, NULL),
(811, 27, 28, 2, NULL),
(812, 28, 28, 2, NULL),
(813, 1, 29, 1, NULL),
(814, 2, 29, 1, NULL),
(815, 3, 29, 1, NULL),
(816, 4, 29, 1, NULL),
(817, 5, 29, -1, NULL),
(818, 6, 29, -1, NULL),
(819, 7, 29, 1, NULL),
(820, 8, 29, 1, NULL),
(821, 9, 29, -1, NULL),
(822, 10, 29, 1, NULL),
(823, 11, 29, -1, NULL),
(824, 12, 29, 1, NULL),
(825, 13, 29, 1, NULL),
(826, 14, 29, 1, NULL),
(827, 15, 29, -1, NULL),
(828, 16, 29, 1, NULL),
(829, 17, 29, -1, NULL),
(830, 18, 29, 2, NULL),
(831, 19, 29, -1, NULL),
(832, 20, 29, 2, NULL),
(833, 21, 29, 1, NULL),
(834, 22, 29, 2, NULL),
(835, 23, 29, -1, NULL),
(836, 24, 29, -1, NULL),
(837, 25, 29, -1, NULL),
(838, 26, 29, 2, NULL),
(839, 27, 29, 1, NULL),
(840, 28, 29, -1, NULL),
(841, 1, 30, 2, NULL),
(842, 2, 30, 2, NULL),
(843, 3, 30, 2, NULL),
(844, 4, 30, 2, NULL),
(845, 5, 30, 2, NULL),
(846, 6, 30, 2, NULL),
(847, 7, 30, 2, NULL),
(848, 8, 30, 2, NULL),
(849, 9, 30, 2, NULL),
(850, 10, 30, 2, NULL),
(851, 11, 30, 2, NULL),
(852, 12, 30, 2, NULL),
(853, 13, 30, 2, NULL),
(854, 14, 30, 2, NULL),
(855, 15, 30, 2, NULL),
(856, 16, 30, 2, NULL),
(857, 17, 30, 2, NULL),
(858, 18, 30, 2, NULL),
(859, 19, 30, 2, NULL),
(860, 20, 30, 2, NULL),
(861, 21, 30, 2, NULL),
(862, 22, 30, 2, NULL),
(863, 23, 30, 2, NULL),
(864, 24, 30, 2, NULL),
(865, 25, 30, 2, NULL),
(866, 26, 30, 2, NULL),
(867, 27, 30, 2, NULL),
(868, 28, 30, 2, NULL),
(869, 1, 31, 1, NULL),
(870, 2, 31, 1, NULL),
(871, 3, 31, 1, NULL),
(872, 4, 31, 1, NULL),
(873, 5, 31, 1, NULL),
(874, 6, 31, 1, NULL),
(875, 7, 31, 1, NULL),
(876, 8, 31, 1, NULL),
(877, 9, 31, 1, NULL),
(878, 10, 31, 1, NULL),
(879, 11, 31, 1, NULL),
(880, 12, 31, 1, NULL),
(881, 13, 31, 1, NULL),
(882, 14, 31, 0, NULL),
(883, 15, 31, 2, NULL),
(884, 16, 31, 1, NULL),
(885, 17, 31, 1, NULL),
(886, 18, 31, 1, NULL),
(887, 19, 31, 1, NULL),
(888, 20, 31, 1, NULL),
(889, 21, 31, 1, NULL),
(890, 22, 31, 1, NULL),
(891, 23, 31, 1, NULL),
(892, 24, 31, -1, NULL),
(893, 25, 31, 1, NULL),
(894, 26, 31, 1, NULL),
(895, 27, 31, 1, NULL),
(896, 28, 31, 1, NULL),
(897, 1, 32, 1, NULL),
(898, 2, 32, 1, NULL),
(899, 3, 32, 1, NULL),
(900, 4, 32, 1, NULL),
(901, 5, 32, 1, NULL),
(902, 6, 32, 1, NULL),
(903, 7, 32, 1, NULL),
(904, 8, 32, 1, NULL),
(905, 9, 32, 1, NULL),
(906, 10, 32, 1, NULL),
(907, 11, 32, 1, NULL),
(908, 12, 32, 1, NULL),
(909, 13, 32, 1, NULL),
(910, 14, 32, 1, NULL),
(911, 15, 32, 1, NULL),
(912, 16, 32, 1, NULL),
(913, 17, 32, 1, NULL),
(914, 18, 32, -1, NULL),
(915, 19, 32, 1, NULL),
(916, 20, 32, 1, NULL),
(917, 21, 32, 1, NULL),
(918, 22, 32, 1, NULL),
(919, 23, 32, 1, NULL),
(920, 24, 32, 1, NULL),
(921, 25, 32, 1, NULL),
(922, 26, 32, 1, NULL),
(923, 27, 32, 1, NULL),
(924, 28, 32, 1, NULL),
(925, 1, 33, 2, NULL),
(926, 2, 33, 2, NULL),
(927, 3, 33, 2, NULL),
(928, 4, 33, 2, NULL),
(929, 5, 33, 2, NULL),
(930, 6, 33, 2, NULL),
(931, 7, 33, 2, NULL),
(932, 8, 33, 2, NULL),
(933, 9, 33, 2, NULL),
(934, 10, 33, 2, NULL),
(935, 11, 33, 2, NULL),
(936, 12, 33, 2, NULL),
(937, 13, 33, 2, NULL),
(938, 14, 33, 2, NULL),
(939, 15, 33, 2, NULL),
(940, 16, 33, 2, NULL),
(941, 17, 33, 2, NULL),
(942, 18, 33, 2, NULL),
(943, 19, 33, 2, NULL),
(944, 20, 33, 2, NULL),
(945, 21, 33, 2, NULL),
(946, 22, 33, 2, NULL),
(947, 23, 33, 2, NULL),
(948, 24, 33, 2, NULL),
(949, 25, 33, 2, NULL),
(950, 26, 33, 2, NULL),
(951, 27, 33, 2, NULL),
(952, 28, 33, 2, NULL),
(953, 1, 34, 2, NULL),
(954, 2, 34, 2, NULL),
(955, 3, 34, 2, NULL),
(956, 4, 34, 2, NULL),
(957, 5, 34, 2, NULL),
(958, 6, 34, 2, NULL),
(959, 7, 34, 2, NULL),
(960, 8, 34, 2, NULL),
(961, 9, 34, 2, NULL),
(962, 10, 34, 2, NULL),
(963, 11, 34, 2, NULL),
(964, 12, 34, 2, NULL),
(965, 13, 34, 2, NULL),
(966, 14, 34, 2, NULL),
(967, 15, 34, 2, NULL),
(968, 16, 34, 2, NULL),
(969, 17, 34, 2, NULL),
(970, 18, 34, 2, NULL),
(971, 19, 34, 2, NULL),
(972, 20, 34, 2, NULL),
(973, 21, 34, 2, NULL),
(974, 22, 34, 2, NULL),
(975, 23, 34, 2, NULL),
(976, 24, 34, 2, NULL),
(977, 25, 34, 2, NULL),
(978, 26, 34, 2, NULL),
(979, 27, 34, 2, NULL),
(980, 28, 34, 2, NULL),
(981, 1, 35, 1, NULL),
(982, 2, 35, 1, NULL),
(983, 3, 35, 1, NULL),
(984, 4, 35, 1, NULL),
(985, 5, 35, 1, NULL),
(986, 6, 35, 2, NULL),
(987, 7, 35, 1, NULL),
(988, 8, 35, 1, NULL),
(989, 9, 35, 1, NULL),
(990, 10, 35, 1, NULL),
(991, 11, 35, 1, NULL),
(992, 12, 35, 1, NULL),
(993, 13, 35, 1, NULL),
(994, 14, 35, 1, NULL),
(995, 15, 35, 1, NULL),
(996, 16, 35, 1, NULL),
(997, 17, 35, 1, NULL),
(998, 18, 35, 1, NULL),
(999, 19, 35, 1, NULL),
(1000, 20, 35, 1, NULL),
(1001, 21, 35, 1, NULL),
(1002, 22, 35, 1, NULL),
(1003, 23, 35, 1, NULL),
(1004, 24, 35, 2, NULL),
(1005, 25, 35, 1, NULL),
(1006, 26, 35, 1, NULL),
(1007, 27, 35, 2, NULL),
(1008, 28, 35, 1, NULL),
(1009, 1, 36, 2, NULL),
(1010, 2, 36, 2, NULL),
(1011, 3, 36, 2, NULL),
(1012, 4, 36, 2, NULL),
(1013, 5, 36, 2, NULL),
(1014, 6, 36, 2, NULL),
(1015, 7, 36, 2, NULL),
(1016, 8, 36, 2, NULL),
(1017, 9, 36, 2, NULL),
(1018, 10, 36, 2, NULL),
(1019, 11, 36, 2, NULL),
(1020, 12, 36, 2, NULL),
(1021, 13, 36, 2, NULL),
(1022, 14, 36, 2, NULL),
(1023, 15, 36, 2, NULL),
(1024, 16, 36, 2, NULL),
(1025, 17, 36, 2, NULL),
(1026, 18, 36, 2, NULL),
(1027, 19, 36, 2, NULL),
(1028, 20, 36, 2, NULL),
(1029, 21, 36, 2, NULL),
(1030, 22, 36, 2, NULL),
(1031, 23, 36, 2, NULL),
(1032, 24, 36, 2, NULL),
(1033, 25, 36, 2, NULL),
(1034, 26, 36, 2, NULL),
(1035, 27, 36, 2, NULL),
(1036, 28, 36, 2, NULL),
(1037, 1, 37, 2, NULL),
(1038, 2, 37, 2, NULL),
(1039, 3, 37, 2, NULL),
(1040, 4, 37, 2, NULL),
(1041, 5, 37, 2, NULL),
(1042, 6, 37, 2, NULL),
(1043, 7, 37, 2, NULL),
(1044, 8, 37, 2, NULL),
(1045, 9, 37, 2, NULL),
(1046, 10, 37, 2, NULL),
(1047, 11, 37, 2, NULL),
(1048, 12, 37, 2, NULL),
(1049, 13, 37, 2, NULL),
(1050, 14, 37, 2, NULL),
(1051, 15, 37, 2, NULL),
(1052, 16, 37, 2, NULL),
(1053, 17, 37, 2, NULL),
(1054, 18, 37, 2, NULL),
(1055, 19, 37, 2, NULL),
(1056, 20, 37, 2, NULL),
(1057, 21, 37, 2, NULL),
(1058, 22, 37, 2, NULL),
(1059, 23, 37, 2, NULL),
(1060, 24, 37, 2, NULL),
(1061, 25, 37, 2, NULL),
(1062, 26, 37, 2, NULL),
(1063, 27, 37, 2, NULL),
(1064, 28, 37, 2, NULL),
(1065, 1, 38, 2, NULL),
(1066, 2, 38, 1, NULL),
(1067, 3, 38, 1, NULL),
(1068, 4, 38, 2, NULL),
(1069, 5, 38, 1, NULL),
(1070, 6, 38, 2, NULL),
(1071, 7, 38, 1, NULL),
(1072, 8, 38, 2, NULL),
(1073, 9, 38, 1, NULL),
(1074, 10, 38, 1, NULL),
(1075, 11, 38, 1, NULL),
(1076, 12, 38, 2, NULL),
(1077, 13, 38, 1, NULL),
(1078, 14, 38, 1, NULL),
(1079, 15, 38, 1, NULL),
(1080, 16, 38, 1, NULL),
(1081, 17, 38, 1, NULL),
(1082, 18, 38, 2, NULL),
(1083, 19, 38, 1, NULL),
(1084, 20, 38, 1, NULL),
(1085, 21, 38, 1, NULL),
(1086, 22, 38, 1, NULL),
(1087, 23, 38, 1, NULL),
(1088, 24, 38, 1, NULL),
(1089, 25, 38, 1, NULL),
(1090, 26, 38, 1, NULL),
(1091, 27, 38, 2, NULL),
(1092, 28, 38, 1, NULL),
(1093, 1, 39, 2, NULL),
(1094, 2, 39, 2, NULL),
(1095, 3, 39, 2, NULL),
(1096, 4, 39, 2, NULL),
(1097, 5, 39, 2, NULL),
(1098, 6, 39, 2, NULL),
(1099, 7, 39, 2, NULL),
(1100, 8, 39, 2, NULL),
(1101, 9, 39, 2, NULL),
(1102, 10, 39, 2, NULL),
(1103, 11, 39, 2, NULL),
(1104, 12, 39, 2, NULL),
(1105, 13, 39, 2, NULL),
(1106, 14, 39, 2, NULL),
(1107, 15, 39, 2, NULL),
(1108, 16, 39, 2, NULL),
(1109, 17, 39, 2, NULL),
(1110, 18, 39, 2, NULL),
(1111, 19, 39, 2, NULL),
(1112, 20, 39, 2, NULL),
(1113, 21, 39, 2, NULL),
(1114, 22, 39, 2, NULL),
(1115, 23, 39, 2, NULL),
(1116, 24, 39, 2, NULL),
(1117, 25, 39, 2, NULL),
(1118, 26, 39, 2, NULL),
(1119, 27, 39, 2, NULL),
(1120, 28, 39, 2, NULL),
(1121, 1, 40, 2, NULL),
(1122, 2, 40, 1, NULL),
(1123, 3, 40, 1, NULL),
(1124, 4, 40, 2, NULL),
(1125, 5, 40, 1, NULL),
(1126, 6, 40, 2, NULL),
(1127, 7, 40, 1, NULL),
(1128, 8, 40, 2, NULL),
(1129, 9, 40, 1, NULL),
(1130, 10, 40, 1, NULL),
(1131, 11, 40, 1, NULL),
(1132, 12, 40, 2, NULL),
(1133, 13, 40, 1, NULL),
(1134, 14, 40, 1, NULL),
(1135, 15, 40, 1, NULL),
(1136, 16, 40, 1, NULL),
(1137, 17, 40, 1, NULL),
(1138, 18, 40, 2, NULL),
(1139, 19, 40, 1, NULL),
(1140, 20, 40, 1, NULL),
(1141, 21, 40, 1, NULL),
(1142, 22, 40, 1, NULL),
(1143, 23, 40, 1, NULL),
(1144, 24, 40, 1, NULL),
(1145, 25, 40, 1, NULL),
(1146, 26, 40, 1, NULL),
(1147, 27, 40, 2, NULL),
(1148, 28, 40, 1, NULL),
(1149, 1, 41, 2, NULL),
(1150, 2, 41, 1, NULL),
(1151, 3, 41, 1, NULL),
(1152, 4, 41, 2, NULL),
(1153, 5, 41, 2, NULL),
(1154, 6, 41, 2, NULL),
(1155, 7, 41, 1, NULL),
(1156, 8, 41, 2, NULL),
(1157, 9, 41, 1, NULL),
(1158, 10, 41, 1, NULL),
(1159, 11, 41, 1, NULL),
(1160, 12, 41, 2, NULL),
(1161, 13, 41, 1, NULL),
(1162, 14, 41, 1, NULL),
(1163, 15, 41, 1, NULL),
(1164, 16, 41, 1, NULL),
(1165, 17, 41, 1, NULL),
(1166, 18, 41, 2, NULL),
(1167, 19, 41, 1, NULL),
(1168, 20, 41, 1, NULL),
(1169, 21, 41, 1, NULL),
(1170, 22, 41, 1, NULL),
(1171, 23, 41, 1, NULL),
(1172, 24, 41, 1, NULL),
(1173, 25, 41, 1, NULL),
(1174, 26, 41, 1, NULL),
(1175, 27, 41, 2, NULL),
(1176, 28, 41, 1, NULL),
(1177, 1, 42, 1, NULL),
(1178, 2, 42, 1, NULL),
(1179, 3, 42, 1, NULL),
(1180, 4, 42, 1, NULL),
(1181, 5, 42, 1, NULL),
(1182, 6, 42, 2, NULL),
(1183, 7, 42, 1, NULL),
(1184, 8, 42, 2, NULL),
(1185, 9, 42, 1, NULL),
(1186, 10, 42, 1, NULL),
(1187, 11, 42, 1, NULL),
(1188, 12, 42, 1, NULL),
(1189, 13, 42, 1, NULL),
(1190, 14, 42, 1, NULL),
(1191, 15, 42, 1, NULL),
(1192, 16, 42, 1, NULL),
(1193, 17, 42, 1, NULL),
(1194, 18, 42, 1, NULL),
(1195, 19, 42, 1, NULL),
(1196, 20, 42, 1, NULL),
(1197, 21, 42, 1, NULL),
(1198, 22, 42, 1, NULL),
(1199, 23, 42, 1, NULL),
(1200, 24, 42, 1, NULL),
(1201, 25, 42, 1, NULL),
(1202, 26, 42, 1, NULL),
(1203, 27, 42, 1, NULL),
(1204, 28, 42, 1, NULL),
(1205, 1, 43, 1, NULL),
(1206, 2, 43, 1, NULL),
(1207, 3, 43, 1, NULL),
(1208, 4, 43, 1, NULL),
(1209, 5, 43, 1, NULL),
(1210, 6, 43, 2, NULL),
(1211, 7, 43, 1, NULL),
(1212, 8, 43, 2, NULL),
(1213, 9, 43, 1, NULL),
(1214, 10, 43, 1, NULL),
(1215, 11, 43, 1, NULL),
(1216, 12, 43, 1, NULL),
(1217, 13, 43, 1, NULL),
(1218, 14, 43, 1, NULL),
(1219, 15, 43, 1, NULL),
(1220, 16, 43, 1, NULL),
(1221, 17, 43, 1, NULL),
(1222, 18, 43, 1, NULL),
(1223, 19, 43, 1, NULL),
(1224, 20, 43, 1, NULL),
(1225, 21, 43, 1, NULL),
(1226, 22, 43, 1, NULL),
(1227, 23, 43, 1, NULL),
(1228, 24, 43, 1, NULL),
(1229, 25, 43, 1, NULL),
(1230, 26, 43, 1, NULL),
(1231, 27, 43, 1, NULL),
(1232, 28, 43, 1, NULL),
(1233, 1, 44, 2, NULL),
(1234, 2, 44, 2, NULL),
(1235, 3, 44, 2, NULL),
(1236, 4, 44, 2, NULL),
(1237, 5, 44, 2, NULL),
(1238, 6, 44, 2, NULL),
(1239, 7, 44, 2, NULL),
(1240, 8, 44, 2, NULL),
(1241, 9, 44, 2, NULL),
(1242, 10, 44, 2, NULL),
(1243, 11, 44, 2, NULL),
(1244, 12, 44, 2, NULL),
(1245, 13, 44, 2, NULL),
(1246, 14, 44, 2, NULL),
(1247, 15, 44, 2, NULL),
(1248, 16, 44, 2, NULL),
(1249, 17, 44, 2, NULL),
(1250, 18, 44, 2, NULL),
(1251, 19, 44, 2, NULL),
(1252, 20, 44, 2, NULL),
(1253, 21, 44, 2, NULL),
(1254, 22, 44, 2, NULL),
(1255, 23, 44, 2, NULL),
(1256, 24, 44, 2, NULL),
(1257, 25, 44, 2, NULL),
(1258, 26, 44, 2, NULL),
(1259, 27, 44, 2, NULL),
(1260, 28, 44, 2, NULL),
(1261, 1, 45, 1, NULL),
(1262, 2, 45, 1, NULL),
(1263, 3, 45, 1, NULL),
(1264, 4, 45, 1, NULL),
(1265, 5, 45, 1, NULL),
(1266, 6, 45, 2, NULL),
(1267, 7, 45, 1, NULL),
(1268, 8, 45, 2, NULL),
(1269, 9, 45, 1, NULL),
(1270, 10, 45, 1, NULL),
(1271, 11, 45, 1, NULL),
(1272, 12, 45, 1, NULL),
(1273, 13, 45, 1, NULL),
(1274, 14, 45, 1, NULL),
(1275, 15, 45, 1, NULL),
(1276, 16, 45, 1, NULL),
(1277, 17, 45, 1, NULL),
(1278, 18, 45, 1, NULL),
(1279, 19, 45, 1, NULL),
(1280, 20, 45, 1, NULL),
(1281, 21, 45, 1, NULL),
(1282, 22, 45, 1, NULL),
(1283, 23, 45, 1, NULL),
(1284, 24, 45, 1, NULL),
(1285, 25, 45, 1, NULL),
(1286, 26, 45, 1, NULL),
(1287, 27, 45, 1, NULL),
(1288, 28, 45, 1, NULL),
(1289, 1, 46, 1, NULL),
(1290, 2, 46, 2, NULL),
(1291, 3, 46, 1, NULL),
(1292, 4, 46, 1, NULL),
(1293, 5, 46, 1, NULL),
(1294, 6, 46, 2, NULL),
(1295, 7, 46, 1, NULL),
(1296, 8, 46, 2, NULL),
(1297, 9, 46, 1, NULL),
(1298, 10, 46, 1, NULL),
(1299, 11, 46, 1, NULL),
(1300, 12, 46, 1, NULL),
(1301, 13, 46, 1, NULL),
(1302, 14, 46, 2, NULL),
(1303, 15, 46, 1, NULL),
(1304, 16, 46, 1, NULL),
(1305, 17, 46, 1, NULL),
(1306, 18, 46, 2, NULL),
(1307, 19, 46, 2, NULL),
(1308, 20, 46, 1, NULL),
(1309, 21, 46, 1, NULL),
(1310, 22, 46, 1, NULL),
(1311, 23, 46, 1, NULL),
(1312, 24, 46, 1, NULL),
(1313, 25, 46, 1, NULL),
(1314, 26, 46, 1, NULL),
(1315, 27, 46, 1, NULL),
(1316, 28, 46, 1, NULL),
(1317, 1, 47, 2, NULL),
(1318, 2, 47, 2, NULL),
(1319, 3, 47, 2, NULL),
(1320, 4, 47, 2, NULL),
(1321, 5, 47, 2, NULL),
(1322, 6, 47, 2, NULL),
(1323, 7, 47, 2, NULL),
(1324, 8, 47, 2, NULL),
(1325, 9, 47, 2, NULL),
(1326, 10, 47, 2, NULL),
(1327, 11, 47, 2, NULL),
(1328, 12, 47, 2, NULL),
(1329, 13, 47, 2, NULL),
(1330, 14, 47, 2, NULL),
(1331, 15, 47, 2, NULL),
(1332, 16, 47, 2, NULL),
(1333, 17, 47, 2, NULL),
(1334, 18, 47, 2, NULL),
(1335, 19, 47, 2, NULL),
(1336, 20, 47, 2, NULL),
(1337, 21, 47, 2, NULL),
(1338, 22, 47, 2, NULL),
(1339, 23, 47, 2, NULL),
(1340, 24, 47, 2, NULL),
(1341, 25, 47, 2, NULL),
(1342, 26, 47, 2, NULL),
(1343, 27, 47, 2, NULL),
(1344, 28, 47, 2, NULL),
(1345, 1, 48, 1, NULL),
(1346, 2, 48, 1, NULL),
(1347, 3, 48, 1, NULL),
(1348, 4, 48, 1, NULL),
(1349, 5, 48, 1, NULL),
(1350, 6, 48, 2, NULL),
(1351, 7, 48, 1, NULL),
(1352, 8, 48, 2, NULL),
(1353, 9, 48, 1, NULL),
(1354, 10, 48, 1, NULL),
(1355, 11, 48, 1, NULL),
(1356, 12, 48, 1, NULL),
(1357, 13, 48, 1, NULL),
(1358, 14, 48, 2, NULL),
(1359, 15, 48, 1, NULL),
(1360, 16, 48, 1, NULL),
(1361, 17, 48, 1, NULL),
(1362, 18, 48, 2, NULL),
(1363, 19, 48, 2, NULL),
(1364, 20, 48, 1, NULL),
(1365, 21, 48, 1, NULL),
(1366, 22, 48, 1, NULL),
(1367, 23, 48, 1, NULL),
(1368, 24, 48, 1, NULL),
(1369, 25, 48, 1, NULL),
(1370, 26, 48, 1, NULL),
(1371, 27, 48, 1, NULL),
(1372, 28, 48, 1, NULL),
(1373, 1, 49, 1, NULL),
(1374, 2, 49, 1, NULL),
(1375, 3, 49, 1, NULL),
(1376, 4, 49, 1, NULL),
(1377, 5, 49, 1, NULL),
(1378, 6, 49, 2, NULL),
(1379, 7, 49, 1, NULL),
(1380, 8, 49, 2, NULL),
(1381, 9, 49, 1, NULL),
(1382, 10, 49, 1, NULL),
(1383, 11, 49, 1, NULL),
(1384, 12, 49, 1, NULL),
(1385, 13, 49, 1, NULL),
(1386, 14, 49, 2, NULL),
(1387, 15, 49, 1, NULL),
(1388, 16, 49, 1, NULL),
(1389, 17, 49, 1, NULL),
(1390, 18, 49, 2, NULL),
(1391, 19, 49, 2, NULL),
(1392, 20, 49, 1, NULL),
(1393, 21, 49, 1, NULL),
(1394, 22, 49, 1, NULL),
(1395, 23, 49, 1, NULL),
(1396, 24, 49, 1, NULL),
(1397, 25, 49, 1, NULL),
(1398, 26, 49, 1, NULL),
(1399, 27, 49, 1, NULL),
(1400, 28, 49, 1, NULL),
(1401, 1, 50, 1, NULL),
(1402, 2, 50, 1, NULL),
(1403, 3, 50, 1, NULL),
(1404, 4, 50, 1, NULL),
(1405, 5, 50, 1, NULL),
(1406, 6, 50, 2, NULL),
(1407, 7, 50, 1, NULL),
(1408, 8, 50, 2, NULL),
(1409, 9, 50, 1, NULL),
(1410, 10, 50, 1, NULL),
(1411, 11, 50, 1, NULL),
(1412, 12, 50, 1, NULL),
(1413, 13, 50, 1, NULL),
(1414, 14, 50, 2, NULL),
(1415, 15, 50, 1, NULL),
(1416, 16, 50, 1, NULL),
(1417, 17, 50, 1, NULL),
(1418, 18, 50, 2, NULL),
(1419, 19, 50, 2, NULL),
(1420, 20, 50, 1, NULL),
(1421, 21, 50, 1, NULL),
(1422, 22, 50, 1, NULL),
(1423, 23, 50, 1, NULL),
(1424, 24, 50, 1, NULL),
(1425, 25, 50, 1, NULL),
(1426, 26, 50, 1, NULL),
(1427, 27, 50, 1, NULL),
(1428, 28, 50, 1, NULL),
(1429, 1, 51, 1, NULL),
(1430, 2, 51, 1, NULL),
(1431, 3, 51, 1, NULL),
(1432, 4, 51, 1, NULL),
(1433, 5, 51, 1, NULL),
(1434, 6, 51, 2, NULL),
(1435, 7, 51, 1, NULL),
(1436, 8, 51, 2, NULL),
(1437, 9, 51, 1, NULL),
(1438, 10, 51, 1, NULL),
(1439, 11, 51, 1, NULL),
(1440, 12, 51, 1, NULL),
(1441, 13, 51, 1, NULL),
(1442, 14, 51, 2, NULL),
(1443, 15, 51, 2, NULL),
(1444, 16, 51, 1, NULL),
(1445, 17, 51, 1, NULL),
(1446, 18, 51, 2, NULL),
(1447, 19, 51, 2, NULL),
(1448, 20, 51, 1, NULL),
(1449, 21, 51, 1, NULL),
(1450, 22, 51, 1, NULL),
(1451, 23, 51, 1, NULL),
(1452, 24, 51, 1, NULL),
(1453, 25, 51, 1, NULL),
(1454, 26, 51, 1, NULL),
(1455, 27, 51, 1, NULL),
(1456, 28, 51, 1, NULL),
(1457, 1, 52, 1, NULL),
(1458, 2, 52, 1, NULL),
(1459, 3, 52, 1, NULL),
(1460, 4, 52, 1, NULL),
(1461, 5, 52, 1, NULL),
(1462, 6, 52, 2, NULL),
(1463, 7, 52, 1, NULL),
(1464, 8, 52, 2, NULL),
(1465, 9, 52, 2, NULL),
(1466, 10, 52, 1, NULL),
(1467, 11, 52, 2, NULL),
(1468, 12, 52, 1, NULL),
(1469, 13, 52, 1, NULL),
(1470, 14, 52, 1, NULL),
(1471, 15, 52, 2, NULL),
(1472, 16, 52, 1, NULL),
(1473, 17, 52, 1, NULL),
(1474, 18, 52, 2, NULL),
(1475, 19, 52, 1, NULL),
(1476, 20, 52, 1, NULL),
(1477, 21, 52, 1, NULL),
(1478, 22, 52, 1, NULL),
(1479, 23, 52, 2, NULL),
(1480, 24, 52, 1, NULL),
(1481, 25, 52, 1, NULL),
(1482, 26, 52, 1, NULL),
(1483, 27, 52, 2, NULL),
(1484, 28, 52, 1, NULL),
(1485, 1, 53, 1, NULL),
(1486, 2, 53, 1, NULL),
(1487, 3, 53, 1, NULL),
(1488, 4, 53, 1, NULL),
(1489, 5, 53, 1, NULL),
(1490, 6, 53, 2, NULL),
(1491, 7, 53, 1, NULL),
(1492, 8, 53, 2, NULL),
(1493, 9, 53, 1, NULL),
(1494, 10, 53, 1, NULL),
(1495, 11, 53, 1, NULL),
(1496, 12, 53, 2, NULL),
(1497, 13, 53, 1, NULL),
(1498, 14, 53, 1, NULL),
(1499, 15, 53, 1, NULL),
(1500, 16, 53, 1, NULL),
(1501, 17, 53, 1, NULL),
(1502, 18, 53, 2, NULL),
(1503, 19, 53, 1, NULL),
(1504, 20, 53, 1, NULL),
(1505, 21, 53, 1, NULL),
(1506, 22, 53, 1, NULL),
(1507, 23, 53, 1, NULL),
(1508, 24, 53, 1, NULL),
(1509, 25, 53, 1, NULL),
(1510, 26, 53, 1, NULL),
(1511, 27, 53, 2, NULL),
(1512, 28, 53, 2, NULL),
(1513, 1, 54, 1, NULL),
(1514, 2, 54, 1, NULL),
(1515, 3, 54, 1, NULL),
(1516, 4, 54, 1, NULL),
(1517, 5, 54, 1, NULL),
(1518, 6, 54, 2, NULL),
(1519, 7, 54, 1, NULL),
(1520, 8, 54, 2, NULL),
(1521, 9, 54, 1, NULL),
(1522, 10, 54, 1, NULL),
(1523, 11, 54, 1, NULL),
(1524, 12, 54, 1, NULL),
(1525, 13, 54, 1, NULL),
(1526, 14, 54, 1, NULL),
(1527, 15, 54, 1, NULL),
(1528, 16, 54, 2, NULL),
(1529, 17, 54, 1, NULL),
(1530, 18, 54, 1, NULL),
(1531, 19, 54, 1, NULL),
(1532, 20, 54, 1, NULL),
(1533, 21, 54, 1, NULL),
(1534, 22, 54, 1, NULL),
(1535, 23, 54, 1, NULL),
(1536, 24, 54, 1, NULL),
(1537, 25, 54, 1, NULL),
(1538, 26, 54, 1, NULL),
(1539, 27, 54, 2, NULL),
(1540, 28, 54, 2, NULL),
(1541, 1, 55, 1, NULL),
(1542, 2, 55, 1, NULL),
(1543, 3, 55, 1, NULL),
(1544, 4, 55, 2, NULL),
(1545, 5, 55, 2, NULL),
(1546, 6, 55, 2, NULL),
(1547, 7, 55, 1, NULL),
(1548, 8, 55, 2, NULL),
(1549, 9, 55, 1, NULL),
(1550, 10, 55, 1, NULL),
(1551, 11, 55, 2, NULL),
(1552, 12, 55, 1, NULL),
(1553, 13, 55, 1, NULL),
(1554, 14, 55, 1, NULL),
(1555, 15, 55, 1, NULL),
(1556, 16, 55, 1, NULL),
(1557, 17, 55, 2, NULL),
(1558, 18, 55, 1, NULL),
(1559, 19, 55, 2, NULL),
(1560, 20, 55, 1, NULL),
(1561, 21, 55, 1, NULL),
(1562, 22, 55, 1, NULL),
(1563, 23, 55, 1, NULL),
(1564, 24, 55, 1, NULL),
(1565, 25, 55, 1, NULL),
(1566, 26, 55, 1, NULL),
(1567, 27, 55, 1, NULL),
(1568, 28, 55, 2, NULL),
(1569, 1, 56, 1, NULL),
(1570, 2, 56, 1, NULL),
(1571, 3, 56, 1, NULL),
(1572, 4, 56, 1, NULL),
(1573, 5, 56, 2, NULL),
(1574, 6, 56, 2, NULL),
(1575, 7, 56, 1, NULL),
(1576, 8, 56, 2, NULL),
(1577, 9, 56, 1, NULL),
(1578, 10, 56, 1, NULL),
(1579, 11, 56, 1, NULL),
(1580, 12, 56, 1, NULL),
(1581, 13, 56, 1, NULL),
(1582, 14, 56, 1, NULL),
(1583, 15, 56, 1, NULL),
(1584, 16, 56, 1, NULL),
(1585, 17, 56, 1, NULL),
(1586, 18, 56, 1, NULL),
(1587, 19, 56, 2, NULL),
(1588, 20, 56, 1, NULL),
(1589, 21, 56, 1, NULL),
(1590, 22, 56, 1, NULL),
(1591, 23, 56, 1, NULL),
(1592, 24, 56, 1, NULL),
(1593, 25, 56, 1, NULL),
(1594, 26, 56, 1, NULL),
(1595, 27, 56, 1, NULL),
(1596, 28, 56, 2, NULL),
(1597, 1, 57, 1, NULL),
(1598, 2, 57, 1, NULL),
(1599, 3, 57, 1, NULL),
(1600, 4, 57, 1, NULL),
(1601, 5, 57, 2, NULL),
(1602, 6, 57, 2, NULL),
(1603, 7, 57, 1, NULL),
(1604, 8, 57, 2, NULL),
(1605, 9, 57, 1, NULL),
(1606, 10, 57, 1, NULL),
(1607, 11, 57, 1, NULL),
(1608, 12, 57, 1, NULL),
(1609, 13, 57, 1, NULL),
(1610, 14, 57, 1, NULL),
(1611, 15, 57, 1, NULL),
(1612, 16, 57, 1, NULL),
(1613, 17, 57, 1, NULL),
(1614, 18, 57, 1, NULL),
(1615, 19, 57, 2, NULL),
(1616, 20, 57, 1, NULL),
(1617, 21, 57, 1, NULL),
(1618, 22, 57, 1, NULL),
(1619, 23, 57, 1, NULL),
(1620, 24, 57, 1, NULL),
(1621, 25, 57, 1, NULL),
(1622, 26, 57, 1, NULL),
(1623, 27, 57, 1, NULL),
(1624, 28, 57, 2, NULL),
(1625, 1, 58, 1, NULL),
(1626, 2, 58, 1, NULL),
(1627, 3, 58, 1, NULL),
(1628, 4, 58, 1, NULL),
(1629, 5, 58, 1, NULL),
(1630, 6, 58, 2, NULL),
(1631, 7, 58, 1, NULL),
(1632, 8, 58, 1, NULL),
(1633, 9, 58, 1, NULL),
(1634, 10, 58, 1, NULL),
(1635, 11, 58, 1, NULL),
(1636, 12, 58, 1, NULL),
(1637, 13, 58, 1, NULL),
(1638, 14, 58, 1, NULL),
(1639, 15, 58, 1, NULL),
(1640, 16, 58, 1, NULL),
(1641, 17, 58, 1, NULL),
(1642, 18, 58, 1, NULL),
(1643, 19, 58, 1, NULL),
(1644, 20, 58, 1, NULL),
(1645, 21, 58, 1, NULL),
(1646, 22, 58, 1, NULL),
(1647, 23, 58, 1, NULL),
(1648, 24, 58, 1, NULL),
(1649, 25, 58, 1, NULL),
(1650, 26, 58, 1, NULL),
(1651, 27, 58, 1, NULL),
(1652, 28, 58, 2, NULL),
(1653, 1, 59, 2, NULL),
(1654, 2, 59, 2, NULL),
(1655, 3, 59, 2, NULL),
(1656, 4, 59, 2, NULL),
(1657, 5, 59, 2, NULL),
(1658, 6, 59, 2, NULL),
(1659, 7, 59, 2, NULL),
(1660, 8, 59, 2, NULL),
(1661, 9, 59, 2, NULL),
(1662, 10, 59, 2, NULL),
(1663, 11, 59, 2, NULL),
(1664, 12, 59, 2, NULL),
(1665, 13, 59, 2, NULL),
(1666, 14, 59, 2, NULL),
(1667, 15, 59, 2, NULL),
(1668, 16, 59, 2, NULL),
(1669, 17, 59, 2, NULL),
(1670, 18, 59, 2, NULL),
(1671, 19, 59, 2, NULL),
(1672, 20, 59, 2, NULL),
(1673, 21, 59, 2, NULL),
(1674, 22, 59, 2, NULL),
(1675, 23, 59, 2, NULL),
(1676, 24, 59, 2, NULL),
(1677, 25, 59, 2, NULL),
(1678, 26, 59, 2, NULL),
(1679, 27, 59, 2, NULL),
(1680, 28, 59, 2, NULL),
(1681, 1, 60, 1, NULL),
(1682, 2, 60, 1, NULL),
(1683, 3, 60, 1, NULL),
(1684, 4, 60, 1, NULL),
(1685, 5, 60, 1, NULL),
(1686, 6, 60, 2, NULL),
(1687, 7, 60, 1, NULL),
(1688, 8, 60, 1, NULL),
(1689, 9, 60, 1, NULL),
(1690, 10, 60, 1, NULL),
(1691, 11, 60, 1, NULL),
(1692, 12, 60, 1, NULL),
(1693, 13, 60, 1, NULL),
(1694, 14, 60, 1, NULL),
(1695, 15, 60, 1, NULL),
(1696, 16, 60, 1, NULL),
(1697, 17, 60, 1, NULL),
(1698, 18, 60, 1, NULL),
(1699, 19, 60, 1, NULL),
(1700, 20, 60, 1, NULL),
(1701, 21, 60, 1, NULL),
(1702, 22, 60, 1, NULL),
(1703, 23, 60, 1, NULL),
(1704, 24, 60, 1, NULL),
(1705, 25, 60, 1, NULL),
(1706, 26, 60, 1, NULL),
(1707, 27, 60, 1, NULL),
(1708, 28, 60, 1, NULL),
(1709, 1, 61, -1, NULL),
(1710, 2, 61, -1, NULL),
(1711, 3, 61, -1, NULL),
(1712, 4, 61, -1, NULL),
(1713, 5, 61, 1, NULL),
(1714, 6, 61, 2, NULL),
(1715, 7, 61, -1, NULL),
(1716, 8, 61, -1, NULL),
(1717, 9, 61, 1, NULL),
(1718, 10, 61, -1, NULL),
(1719, 11, 61, 1, NULL),
(1720, 12, 61, -1, NULL),
(1721, 13, 61, -1, NULL),
(1722, 14, 61, -1, NULL),
(1723, 15, 61, 1, NULL),
(1724, 16, 61, -1, NULL),
(1725, 17, 61, -1, NULL),
(1726, 18, 61, 0, NULL),
(1727, 19, 61, 0, NULL),
(1728, 20, 61, 1, NULL),
(1729, 21, 61, -1, NULL),
(1730, 22, 61, 1, NULL),
(1731, 23, 61, 1, NULL),
(1732, 24, 61, 2, NULL),
(1733, 25, 61, 1, NULL),
(1734, 26, 61, -1, NULL),
(1735, 27, 61, -1, NULL),
(1736, 28, 61, 1, NULL),
(1737, 1, 62, 1, NULL),
(1738, 2, 62, 1, NULL),
(1739, 3, 62, 1, NULL),
(1740, 4, 62, 1, NULL),
(1741, 5, 62, -1, NULL),
(1742, 6, 62, 2, NULL),
(1743, 7, 62, 1, NULL),
(1744, 8, 62, 1, NULL),
(1745, 9, 62, 0, NULL),
(1746, 10, 62, 1, NULL),
(1747, 11, 62, -1, NULL),
(1748, 12, 62, 1, NULL),
(1749, 13, 62, 1, NULL),
(1750, 14, 62, 1, NULL),
(1751, 15, 62, 0, NULL),
(1752, 16, 62, 1, NULL),
(1753, 17, 62, 1, NULL),
(1754, 18, 62, 0, NULL),
(1755, 19, 62, 0, NULL),
(1756, 20, 62, -1, NULL),
(1757, 21, 62, 1, NULL),
(1758, 22, 62, -1, NULL),
(1759, 23, 62, -1, NULL),
(1760, 24, 62, 2, NULL),
(1761, 25, 62, 0, NULL),
(1762, 26, 62, 1, NULL),
(1763, 27, 62, -1, NULL),
(1764, 28, 62, -1, NULL),
(1765, 1, 63, 1, NULL),
(1766, 2, 63, 1, NULL),
(1767, 3, 63, 1, NULL),
(1768, 4, 63, 1, NULL),
(1769, 5, 63, 1, NULL),
(1770, 6, 63, 2, NULL),
(1771, 7, 63, 1, NULL),
(1772, 8, 63, 1, NULL),
(1773, 9, 63, 1, NULL),
(1774, 10, 63, 1, NULL),
(1775, 11, 63, 1, NULL),
(1776, 12, 63, 1, NULL),
(1777, 13, 63, 1, NULL),
(1778, 14, 63, 1, NULL),
(1779, 15, 63, 1, NULL),
(1780, 16, 63, 1, NULL),
(1781, 17, 63, 1, NULL),
(1782, 18, 63, 1, NULL),
(1783, 19, 63, 2, NULL),
(1784, 20, 63, 1, NULL),
(1785, 21, 63, 1, NULL),
(1786, 22, 63, 1, NULL),
(1787, 23, 63, 1, NULL),
(1788, 24, 63, 2, NULL),
(1789, 25, 63, 1, NULL),
(1790, 26, 63, 1, NULL),
(1791, 27, 63, 1, NULL),
(1792, 28, 63, 2, NULL),
(1793, 1, 64, 2, NULL),
(1794, 2, 64, 2, NULL),
(1795, 3, 64, 2, NULL),
(1796, 4, 64, 2, NULL),
(1797, 5, 64, 2, NULL),
(1798, 6, 64, 2, NULL),
(1799, 7, 64, 2, NULL),
(1800, 8, 64, 2, NULL),
(1801, 9, 64, 2, NULL),
(1802, 10, 64, 2, NULL),
(1803, 11, 64, 2, NULL),
(1804, 12, 64, 2, NULL),
(1805, 13, 64, 2, NULL),
(1806, 14, 64, 2, NULL),
(1807, 15, 64, 2, NULL),
(1808, 16, 64, 2, NULL),
(1809, 17, 64, 2, NULL),
(1810, 18, 64, 2, NULL),
(1811, 19, 64, 2, NULL),
(1812, 20, 64, 2, NULL),
(1813, 21, 64, 2, NULL),
(1814, 22, 64, 2, NULL),
(1815, 23, 64, 2, NULL),
(1816, 24, 64, 2, NULL),
(1817, 25, 64, 2, NULL),
(1818, 26, 64, 2, NULL),
(1819, 27, 64, 2, NULL),
(1820, 28, 64, 2, NULL),
(1821, 1, 65, 1, NULL),
(1822, 2, 65, 1, NULL),
(1823, 3, 65, 1, NULL),
(1824, 4, 65, 1, NULL),
(1825, 5, 65, 1, NULL),
(1826, 6, 65, 2, NULL),
(1827, 7, 65, 1, NULL),
(1828, 8, 65, 1, NULL),
(1829, 9, 65, 1, NULL),
(1830, 10, 65, 1, NULL),
(1831, 11, 65, 1, NULL),
(1832, 12, 65, 1, NULL),
(1833, 13, 65, 1, NULL),
(1834, 14, 65, 1, NULL),
(1835, 15, 65, 1, NULL),
(1836, 16, 65, 1, NULL),
(1837, 17, 65, 2, NULL),
(1838, 18, 65, 2, NULL),
(1839, 19, 65, 2, NULL),
(1840, 20, 65, 1, NULL),
(1841, 21, 65, 1, NULL),
(1842, 22, 65, 1, NULL),
(1843, 23, 65, 1, NULL),
(1844, 24, 65, 2, NULL),
(1845, 25, 65, 1, NULL),
(1846, 26, 65, 1, NULL),
(1847, 27, 65, 1, NULL),
(1848, 28, 65, 1, NULL),
(1849, 1, 66, 1, NULL),
(1850, 2, 66, 1, NULL),
(1851, 3, 66, 1, NULL),
(1852, 4, 66, 1, NULL),
(1853, 5, 66, 1, NULL),
(1854, 6, 66, 2, NULL),
(1855, 7, 66, 0, NULL),
(1856, 8, 66, 1, NULL),
(1857, 9, 66, 0, NULL),
(1858, 10, 66, 1, NULL),
(1859, 11, 66, 1, NULL),
(1860, 12, 66, 1, NULL),
(1861, 13, 66, 1, NULL),
(1862, 14, 66, 1, NULL),
(1863, 15, 66, 0, NULL),
(1864, 16, 66, 1, NULL),
(1865, 17, 66, 2, NULL),
(1866, 18, 66, 2, NULL),
(1867, 19, 66, 2, NULL),
(1868, 20, 66, 2, NULL),
(1869, 21, 66, 1, NULL),
(1870, 22, 66, 1, NULL),
(1871, 23, 66, 1, NULL),
(1872, 24, 66, 2, NULL),
(1873, 25, 66, 1, NULL),
(1874, 26, 66, 1, NULL),
(1875, 27, 66, 1, NULL),
(1876, 28, 66, 1, NULL),
(1877, 1, 67, 1, NULL),
(1878, 2, 67, 1, NULL),
(1879, 3, 67, 1, NULL),
(1880, 4, 67, 2, NULL),
(1881, 5, 67, 2, NULL),
(1882, 6, 67, 2, NULL),
(1883, 7, 67, 2, NULL),
(1884, 8, 67, 1, NULL),
(1885, 9, 67, 2, NULL),
(1886, 10, 67, 1, NULL),
(1887, 11, 67, 1, NULL),
(1888, 12, 67, 1, NULL),
(1889, 13, 67, 1, NULL),
(1890, 14, 67, 1, NULL),
(1891, 15, 67, 2, NULL),
(1892, 16, 67, 1, NULL),
(1893, 17, 67, 1, NULL),
(1894, 18, 67, 1, NULL),
(1895, 19, 67, 1, NULL),
(1896, 20, 67, 1, NULL),
(1897, 21, 67, 1, NULL),
(1898, 22, 67, 1, NULL),
(1899, 23, 67, 2, NULL),
(1900, 24, 67, 2, NULL),
(1901, 25, 67, 1, NULL),
(1902, 26, 67, 1, NULL),
(1903, 27, 67, 1, NULL),
(1904, 28, 67, 1, NULL),
(1905, 1, 68, 1, NULL),
(1906, 2, 68, 1, NULL),
(1907, 3, 68, 1, NULL),
(1908, 4, 68, 1, NULL),
(1909, 5, 68, 2, NULL),
(1910, 6, 68, 2, NULL),
(1911, 7, 68, 2, NULL),
(1912, 8, 68, 1, NULL),
(1913, 9, 68, 2, NULL),
(1914, 10, 68, 1, NULL),
(1915, 11, 68, 1, NULL),
(1916, 12, 68, 2, NULL),
(1917, 13, 68, 1, NULL),
(1918, 14, 68, 1, NULL),
(1919, 15, 68, 2, NULL),
(1920, 16, 68, 1, NULL),
(1921, 17, 68, 1, NULL),
(1922, 18, 68, 1, NULL),
(1923, 19, 68, 1, NULL),
(1924, 20, 68, 1, NULL),
(1925, 21, 68, 1, NULL),
(1926, 22, 68, 1, NULL),
(1927, 23, 68, 2, NULL),
(1928, 24, 68, 2, NULL),
(1929, 25, 68, 1, NULL),
(1930, 26, 68, 1, NULL),
(1931, 27, 68, 1, NULL),
(1932, 28, 68, 1, NULL),
(1933, 1, 69, 1, NULL),
(1934, 2, 69, 1, NULL),
(1935, 3, 69, 1, NULL),
(1936, 4, 69, 1, NULL),
(1937, 5, 69, 2, NULL),
(1938, 6, 69, 2, NULL),
(1939, 7, 69, 2, NULL),
(1940, 8, 69, 1, NULL),
(1941, 9, 69, 2, NULL),
(1942, 10, 69, 1, NULL),
(1943, 11, 69, 1, NULL),
(1944, 12, 69, 1, NULL),
(1945, 13, 69, 1, NULL),
(1946, 14, 69, 1, NULL),
(1947, 15, 69, 2, NULL),
(1948, 16, 69, 1, NULL),
(1949, 17, 69, 1, NULL),
(1950, 18, 69, 1, NULL),
(1951, 19, 69, 1, NULL),
(1952, 20, 69, 1, NULL),
(1953, 21, 69, 1, NULL),
(1954, 22, 69, 1, NULL),
(1955, 23, 69, 2, NULL),
(1956, 24, 69, 2, NULL),
(1957, 25, 69, 1, NULL),
(1958, 26, 69, 1, NULL),
(1959, 27, 69, 1, NULL),
(1960, 28, 69, 1, NULL);

/*!40101 SET CHARACTER_SET_CLIENT=@OLD_CHARACTER_SET_CLIENT */;
/*!40101 SET CHARACTER_SET_RESULTS=@OLD_CHARACTER_SET_RESULTS */;
/*!40101 SET COLLATION_CONNECTION=@OLD_COLLATION_CONNECTION */;
